area_code;area;com_code;item;source_code;shrinkage
1;Armenia;c04;Sawnwood, coniferous;c01;    
2;Afghanistan;c04;Sawnwood, coniferous;c01;    
3;Albania;c04;Sawnwood, coniferous;c01;    
4;Algeria;c04;Sawnwood, coniferous;c01;    
6;Andorra;c04;Sawnwood, coniferous;c01;    
7;Angola;c04;Sawnwood, coniferous;c01;    
9;Argentina;c04;Sawnwood, coniferous;c01;    
10;Australia;c04;Sawnwood, coniferous;c01;    
11;Austria;c04;Sawnwood, coniferous;c01;    
12;Bahamas;c04;Sawnwood, coniferous;c01;    
13;Bahrain;c04;Sawnwood, coniferous;c01;    
14;Barbados;c04;Sawnwood, coniferous;c01;    
15;Belgium-Luxembourg;c04;Sawnwood, coniferous;c01;    
16;Bangladesh;c04;Sawnwood, coniferous;c01;    
18;Bhutan;c04;Sawnwood, coniferous;c01;    
19;Bolivia (Plurinational State of);c04;Sawnwood, coniferous;c01;    
20;Botswana;c04;Sawnwood, coniferous;c01;    
21;Brazil;c04;Sawnwood, coniferous;c01;    
22;Aruba;c04;Sawnwood, coniferous;c01;    
23;Belize;c04;Sawnwood, coniferous;c01;    
25;Solomon Islands;c04;Sawnwood, coniferous;c01;    
26;Brunei Darussalam;c04;Sawnwood, coniferous;c01;    
27;Bulgaria;c04;Sawnwood, coniferous;c01;    
28;Myanmar;c04;Sawnwood, coniferous;c01;    
29;Burundi;c04;Sawnwood, coniferous;c01;    
32;Cameroon;c04;Sawnwood, coniferous;c01;    
33;Canada;c04;Sawnwood, coniferous;c01;4
35;Cabo Verde;c04;Sawnwood, coniferous;c01;    
37;Central African Republic;c04;Sawnwood, coniferous;c01;    
38;Sri Lanka;c04;Sawnwood, coniferous;c01;    
39;Chad;c04;Sawnwood, coniferous;c01;    
40;Chile;c04;Sawnwood, coniferous;c01;    
41;China, mainland;c04;Sawnwood, coniferous;c01;2
42;Christmas Island;c04;Sawnwood, coniferous;c01;    
44;Colombia;c04;Sawnwood, coniferous;c01;    
45;Comoros;c04;Sawnwood, coniferous;c01;    
46;Congo;c04;Sawnwood, coniferous;c01;    
47;Cook Islands;c04;Sawnwood, coniferous;c01;    
48;Costa Rica;c04;Sawnwood, coniferous;c01;    
49;Cuba;c04;Sawnwood, coniferous;c01;    
50;Cyprus;c04;Sawnwood, coniferous;c01;    
51;Czechoslovakia;c04;Sawnwood, coniferous;c01;    
52;Azerbaijan;c04;Sawnwood, coniferous;c01;    
53;Benin;c04;Sawnwood, coniferous;c01;    
54;Denmark;c04;Sawnwood, coniferous;c01;2
55;Dominica;c04;Sawnwood, coniferous;c01;    
56;Dominican Republic;c04;Sawnwood, coniferous;c01;    
57;Belarus;c04;Sawnwood, coniferous;c01;    
58;Ecuador;c04;Sawnwood, coniferous;c01;    
59;Egypt;c04;Sawnwood, coniferous;c01;    
60;El Salvador;c04;Sawnwood, coniferous;c01;    
61;Equatorial Guinea;c04;Sawnwood, coniferous;c01;    
63;Estonia;c04;Sawnwood, coniferous;c01;    
64;Faroe Islands;c04;Sawnwood, coniferous;c01;    
65;Falkland Islands (Malvinas);c04;Sawnwood, coniferous;c01;    
66;Fiji;c04;Sawnwood, coniferous;c01;    
67;Finland;c04;Sawnwood, coniferous;c01;5
68;France;c04;Sawnwood, coniferous;c01;4
69;French Guyana;c04;Sawnwood, coniferous;c01;    
70;French Polynesia;c04;Sawnwood, coniferous;c01;    
72;Djibouti;c04;Sawnwood, coniferous;c01;    
73;Georgia;c04;Sawnwood, coniferous;c01;    
74;Gabon;c04;Sawnwood, coniferous;c01;    
75;Gambia;c04;Sawnwood, coniferous;c01;    
79;Germany;c04;Sawnwood, coniferous;c01;2
80;Bosnia and Herzegovina;c04;Sawnwood, coniferous;c01;    
81;Ghana;c04;Sawnwood, coniferous;c01;    
82;Gibraltar;c04;Sawnwood, coniferous;c01;    
83;Kiribati;c04;Sawnwood, coniferous;c01;    
84;Greece;c04;Sawnwood, coniferous;c01;    
87;Guadeloupe;c04;Sawnwood, coniferous;c01;    
89;Guatemala;c04;Sawnwood, coniferous;c01;    
90;Guinea;c04;Sawnwood, coniferous;c01;    
91;Guyana;c04;Sawnwood, coniferous;c01;    
93;Haiti;c04;Sawnwood, coniferous;c01;    
95;Honduras;c04;Sawnwood, coniferous;c01;    
96;China, Hong Kong SAR;c04;Sawnwood, coniferous;c01;    
97;Hungary;c04;Sawnwood, coniferous;c01;    
98;Croatia;c04;Sawnwood, coniferous;c01;    
99;Iceland;c04;Sawnwood, coniferous;c01;    
100;India;c04;Sawnwood, coniferous;c01;    
101;Indonesia;c04;Sawnwood, coniferous;c01;7
102;Iran (Islamic Republic of);c04;Sawnwood, coniferous;c01;    
103;Iraq;c04;Sawnwood, coniferous;c01;    
104;Ireland;c04;Sawnwood, coniferous;c01;1
105;Israel;c04;Sawnwood, coniferous;c01;    
106;Italy;c04;Sawnwood, coniferous;c01;    
107;Cote d'Ivoire;c04;Sawnwood, coniferous;c01;    
108;Kazakhstan;c04;Sawnwood, coniferous;c01;    
109;Jamaica;c04;Sawnwood, coniferous;c01;    
110;Japan;c04;Sawnwood, coniferous;c01;    
112;Jordan;c04;Sawnwood, coniferous;c01;    
113;Kyrgyzstan;c04;Sawnwood, coniferous;c01;    
114;Kenya;c04;Sawnwood, coniferous;c01;    
115;Cambodia;c04;Sawnwood, coniferous;c01;    
116;Democratic People's Republic of Korea;c04;Sawnwood, coniferous;c01;    
117;Republic of Korea;c04;Sawnwood, coniferous;c01;    
118;Kuwait;c04;Sawnwood, coniferous;c01;    
119;Latvia;c04;Sawnwood, coniferous;c01;    
120;Lao People's Democratic Republic;c04;Sawnwood, coniferous;c01;    
121;Lebanon;c04;Sawnwood, coniferous;c01;    
122;Lesotho;c04;Sawnwood, coniferous;c01;    
123;Liberia;c04;Sawnwood, coniferous;c01;    
124;Libya;c04;Sawnwood, coniferous;c01;    
125;Liechtenstein;c04;Sawnwood, coniferous;c01;    
126;Lithuania;c04;Sawnwood, coniferous;c01;5
128;China, Macao SAR;c04;Sawnwood, coniferous;c01;    
129;Madagascar;c04;Sawnwood, coniferous;c01;    
130;Malawi;c04;Sawnwood, coniferous;c01;    
131;Malaysia;c04;Sawnwood, coniferous;c01;    
132;Maldives;c04;Sawnwood, coniferous;c01;    
133;Mali;c04;Sawnwood, coniferous;c01;    
134;Malta;c04;Sawnwood, coniferous;c01;    
135;Martinique;c04;Sawnwood, coniferous;c01;    
136;Mauritania;c04;Sawnwood, coniferous;c01;    
137;Mauritius;c04;Sawnwood, coniferous;c01;    
138;Mexico;c04;Sawnwood, coniferous;c01;    
141;Mongolia;c04;Sawnwood, coniferous;c01;    
143;Morocco;c04;Sawnwood, coniferous;c01;    
144;Mozambique;c04;Sawnwood, coniferous;c01;    
145;Micronesia (Federated States of);c04;Sawnwood, coniferous;c01;    
146;Republic of Moldova;c04;Sawnwood, coniferous;c01;    
147;Namibia;c04;Sawnwood, coniferous;c01;    
149;Nepal;c04;Sawnwood, coniferous;c01;    
150;Netherlands;c04;Sawnwood, coniferous;c01;    
151;Netherlands Antilles;c04;Sawnwood, coniferous;c01;    
153;New Caledonia;c04;Sawnwood, coniferous;c01;    
154;North Macedonia;c04;Sawnwood, coniferous;c01;    
155;Vanuatu;c04;Sawnwood, coniferous;c01;    
156;New Zealand;c04;Sawnwood, coniferous;c01;    
157;Nicaragua;c04;Sawnwood, coniferous;c01;    
158;Niger;c04;Sawnwood, coniferous;c01;    
159;Nigeria;c04;Sawnwood, coniferous;c01;    
160;Niue;c04;Sawnwood, coniferous;c01;    
161;Norfolk Island;c04;Sawnwood, coniferous;c01;    
162;Norway;c04;Sawnwood, coniferous;c01;6
165;Pakistan;c04;Sawnwood, coniferous;c01;    
166;Panama;c04;Sawnwood, coniferous;c01;    
167;Czechia;c04;Sawnwood, coniferous;c01;3
168;Papua New Guinea;c04;Sawnwood, coniferous;c01;    
169;Paraguay;c04;Sawnwood, coniferous;c01;    
170;Peru;c04;Sawnwood, coniferous;c01;    
171;Philippines;c04;Sawnwood, coniferous;c01;    
173;Poland;c04;Sawnwood, coniferous;c01;2
174;Portugal;c04;Sawnwood, coniferous;c01;    
175;Guinea-Bissau;c04;Sawnwood, coniferous;c01;    
176;Timor-Leste;c04;Sawnwood, coniferous;c01;    
178;Eritrea;c04;Sawnwood, coniferous;c01;    
179;Qatar;c04;Sawnwood, coniferous;c01;    
181;Zimbabwe;c04;Sawnwood, coniferous;c01;    
182;Reunion;c04;Sawnwood, coniferous;c01;    
183;Romania;c04;Sawnwood, coniferous;c01;    
184;Rwanda;c04;Sawnwood, coniferous;c01;    
185;Russian Federation;c04;Sawnwood, coniferous;c01;    
186;Serbia and Montenegro;c04;Sawnwood, coniferous;c01;    
189;Saint Lucia;c04;Sawnwood, coniferous;c01;    
190;Saint Pierre and Miquelon;c04;Sawnwood, coniferous;c01;    
191;Saint Vincent and the Grenadines;c04;Sawnwood, coniferous;c01;    
193;Sao Tome and Principe;c04;Sawnwood, coniferous;c01;    
194;Saudi Arabia;c04;Sawnwood, coniferous;c01;    
195;Senegal;c04;Sawnwood, coniferous;c01;    
196;Seychelles;c04;Sawnwood, coniferous;c01;    
197;Sierra Leone;c04;Sawnwood, coniferous;c01;    
198;Slovenia;c04;Sawnwood, coniferous;c01;5
199;Slovakia;c04;Sawnwood, coniferous;c01;12
200;Singapore;c04;Sawnwood, coniferous;c01;    
201;Somalia;c04;Sawnwood, coniferous;c01;    
202;South Africa;c04;Sawnwood, coniferous;c01;3
203;Spain;c04;Sawnwood, coniferous;c01;7
207;Suriname;c04;Sawnwood, coniferous;c01;    
208;Tajikistan;c04;Sawnwood, coniferous;c01;    
209;Eswatini;c04;Sawnwood, coniferous;c01;    
210;Sweden;c04;Sawnwood, coniferous;c01;5
211;Switzerland;c04;Sawnwood, coniferous;c01;    
212;Syrian Arab Republic;c04;Sawnwood, coniferous;c01;    
213;Turkmenistan;c04;Sawnwood, coniferous;c01;    
214;China, Taiwan Province of;c04;Sawnwood, coniferous;c01;    
215;United Republic of Tanzania;c04;Sawnwood, coniferous;c01;    
216;Thailand;c04;Sawnwood, coniferous;c01;    
217;Togo;c04;Sawnwood, coniferous;c01;    
219;Tonga;c04;Sawnwood, coniferous;c01;    
220;Trinidad and Tobago;c04;Sawnwood, coniferous;c01;    
221;Oman;c04;Sawnwood, coniferous;c01;    
222;Tunisia;c04;Sawnwood, coniferous;c01;    
223;Turkey;c04;Sawnwood, coniferous;c01;    
224;Turks and Caicos Islands;c04;Sawnwood, coniferous;c01;    
225;United Arab Emirates;c04;Sawnwood, coniferous;c01;    
226;Uganda;c04;Sawnwood, coniferous;c01;    
229;United Kingdom;c04;Sawnwood, coniferous;c01;    
230;Ukraine;c04;Sawnwood, coniferous;c01;7
231;United States of America;c04;Sawnwood, coniferous;c01;4
233;Burkina Faso;c04;Sawnwood, coniferous;c01;    
234;Uruguay;c04;Sawnwood, coniferous;c01;    
235;Uzbekistan;c04;Sawnwood, coniferous;c01;    
236;Venezuela (Bolivarian Republic of);c04;Sawnwood, coniferous;c01;    
237;Viet Nam;c04;Sawnwood, coniferous;c01;    
238;Ethiopia;c04;Sawnwood, coniferous;c01;    
239;British Virgin Islands;c04;Sawnwood, coniferous;c01;    
244;Samoa;c04;Sawnwood, coniferous;c01;    
249;Yemen;c04;Sawnwood, coniferous;c01;    
250;Democratic Republic of the Congo;c04;Sawnwood, coniferous;c01;    
251;Zambia;c04;Sawnwood, coniferous;c01;    
255;Belgium;c04;Sawnwood, coniferous;c01;    
256;Luxembourg;c04;Sawnwood, coniferous;c01;    
270;Mayotte;c04;Sawnwood, coniferous;c01;    
272;Serbia;c04;Sawnwood, coniferous;c01;    
273;Montenegro;c04;Sawnwood, coniferous;c01;    
276;Sudan;c04;Sawnwood, coniferous;c01;    
277;South Sudan;c04;Sawnwood, coniferous;c01;    
5;American Samoa;c04;Sawnwood, coniferous;c01;    
8;Antigua and Barbuda;c04;Sawnwood, coniferous;c01;    
17;Bermuda;c04;Sawnwood, coniferous;c01;    
24;British Indian Ocean Territory;c04;Sawnwood, coniferous;c01;    
36;Cayman Islands;c04;Sawnwood, coniferous;c01;    
43;Cocos (Keeling) Islands;c04;Sawnwood, coniferous;c01;    
71;French Southern and Antarctic Territories;c04;Sawnwood, coniferous;c01;    
85;Greenland;c04;Sawnwood, coniferous;c01;    
86;Grenada;c04;Sawnwood, coniferous;c01;    
88;Guam;c04;Sawnwood, coniferous;c01;    
94;Holy See;c04;Sawnwood, coniferous;c01;    
127;Marshall Islands;c04;Sawnwood, coniferous;c01;    
142;Montserrat;c04;Sawnwood, coniferous;c01;    
148;Nauru;c04;Sawnwood, coniferous;c01;    
163;Northern Mariana Islands;c04;Sawnwood, coniferous;c01;    
164;Pacific Islands Trust Territory;c04;Sawnwood, coniferous;c01;    
172;Pitcairn Islands;c04;Sawnwood, coniferous;c01;    
180;Palau;c04;Sawnwood, coniferous;c01;    
187;Saint Helena, Ascension and Tristan da Cunha;c04;Sawnwood, coniferous;c01;    
188;Saint Kitts and Nevis;c04;Sawnwood, coniferous;c01;    
192;San Marino;c04;Sawnwood, coniferous;c01;    
205;Western Sahara;c04;Sawnwood, coniferous;c01;    
218;Tokelau;c04;Sawnwood, coniferous;c01;    
227;Tuvalu;c04;Sawnwood, coniferous;c01;    
228;USSR;c04;Sawnwood, coniferous;c01;    
242;Wake Island;c04;Sawnwood, coniferous;c01;    
243;Wallis and Futuna Islands;c04;Sawnwood, coniferous;c01;    
248;Yugoslav SFR;c04;Sawnwood, coniferous;c01;    
258;Anguilla;c04;Sawnwood, coniferous;c01;    
279;Curaçao;c04;Sawnwood, coniferous;c01;    
281;Saint-Martin (French Part);c04;Sawnwood, coniferous;c01;    
299;Palestine;c04;Sawnwood, coniferous;c01;    
252;Unspecified Area;c04;Sawnwood, coniferous;c01;    
254;Others (adjustment);c04;Sawnwood, coniferous;c01;    
999;RoW;c04;Sawnwood, coniferous;c01;
;ASI;c04;Sawnwood, coniferous;c01;5
;EUR;c04;Sawnwood, coniferous;c01;5
;AFR;c04;Sawnwood, coniferous;c01;3
;LAM;c04;Sawnwood, coniferous;c01;    
;OCE;c04;Sawnwood, coniferous;c01;    
;NAM;c04;Sawnwood, coniferous;c01;4
1;Armenia;c05;Sawnwood, non-coniferous all;c02;    
2;Afghanistan;c05;Sawnwood, non-coniferous all;c02;    
3;Albania;c05;Sawnwood, non-coniferous all;c02;    
4;Algeria;c05;Sawnwood, non-coniferous all;c02;    
6;Andorra;c05;Sawnwood, non-coniferous all;c02;    
7;Angola;c05;Sawnwood, non-coniferous all;c02;    
9;Argentina;c05;Sawnwood, non-coniferous all;c02;    
10;Australia;c05;Sawnwood, non-coniferous all;c02;    
11;Austria;c05;Sawnwood, non-coniferous all;c02;    
12;Bahamas;c05;Sawnwood, non-coniferous all;c02;    
13;Bahrain;c05;Sawnwood, non-coniferous all;c02;    
14;Barbados;c05;Sawnwood, non-coniferous all;c02;    
15;Belgium-Luxembourg;c05;Sawnwood, non-coniferous all;c02;    
16;Bangladesh;c05;Sawnwood, non-coniferous all;c02;    
18;Bhutan;c05;Sawnwood, non-coniferous all;c02;    
19;Bolivia (Plurinational State of);c05;Sawnwood, non-coniferous all;c02;    
20;Botswana;c05;Sawnwood, non-coniferous all;c02;    
21;Brazil;c05;Sawnwood, non-coniferous all;c02;    
22;Aruba;c05;Sawnwood, non-coniferous all;c02;    
23;Belize;c05;Sawnwood, non-coniferous all;c02;    
25;Solomon Islands;c05;Sawnwood, non-coniferous all;c02;    
26;Brunei Darussalam;c05;Sawnwood, non-coniferous all;c02;    
27;Bulgaria;c05;Sawnwood, non-coniferous all;c02;    
28;Myanmar;c05;Sawnwood, non-coniferous all;c02;    
29;Burundi;c05;Sawnwood, non-coniferous all;c02;    
32;Cameroon;c05;Sawnwood, non-coniferous all;c02;    
33;Canada;c05;Sawnwood, non-coniferous all;c02;4
35;Cabo Verde;c05;Sawnwood, non-coniferous all;c02;    
37;Central African Republic;c05;Sawnwood, non-coniferous all;c02;    
38;Sri Lanka;c05;Sawnwood, non-coniferous all;c02;    
39;Chad;c05;Sawnwood, non-coniferous all;c02;    
40;Chile;c05;Sawnwood, non-coniferous all;c02;    
41;China, mainland;c05;Sawnwood, non-coniferous all;c02;2
42;Christmas Island;c05;Sawnwood, non-coniferous all;c02;    
44;Colombia;c05;Sawnwood, non-coniferous all;c02;    
45;Comoros;c05;Sawnwood, non-coniferous all;c02;    
46;Congo;c05;Sawnwood, non-coniferous all;c02;    
47;Cook Islands;c05;Sawnwood, non-coniferous all;c02;    
48;Costa Rica;c05;Sawnwood, non-coniferous all;c02;    
49;Cuba;c05;Sawnwood, non-coniferous all;c02;    
50;Cyprus;c05;Sawnwood, non-coniferous all;c02;    
51;Czechoslovakia;c05;Sawnwood, non-coniferous all;c02;    
52;Azerbaijan;c05;Sawnwood, non-coniferous all;c02;    
53;Benin;c05;Sawnwood, non-coniferous all;c02;    
54;Denmark;c05;Sawnwood, non-coniferous all;c02;3
55;Dominica;c05;Sawnwood, non-coniferous all;c02;    
56;Dominican Republic;c05;Sawnwood, non-coniferous all;c02;    
57;Belarus;c05;Sawnwood, non-coniferous all;c02;    
58;Ecuador;c05;Sawnwood, non-coniferous all;c02;    
59;Egypt;c05;Sawnwood, non-coniferous all;c02;    
60;El Salvador;c05;Sawnwood, non-coniferous all;c02;    
61;Equatorial Guinea;c05;Sawnwood, non-coniferous all;c02;    
63;Estonia;c05;Sawnwood, non-coniferous all;c02;    
64;Faroe Islands;c05;Sawnwood, non-coniferous all;c02;    
65;Falkland Islands (Malvinas);c05;Sawnwood, non-coniferous all;c02;    
66;Fiji;c05;Sawnwood, non-coniferous all;c02;    
67;Finland;c05;Sawnwood, non-coniferous all;c02;    
68;France;c05;Sawnwood, non-coniferous all;c02;3
69;French Guyana;c05;Sawnwood, non-coniferous all;c02;    
70;French Polynesia;c05;Sawnwood, non-coniferous all;c02;    
72;Djibouti;c05;Sawnwood, non-coniferous all;c02;    
73;Georgia;c05;Sawnwood, non-coniferous all;c02;    
74;Gabon;c05;Sawnwood, non-coniferous all;c02;    
75;Gambia;c05;Sawnwood, non-coniferous all;c02;    
79;Germany;c05;Sawnwood, non-coniferous all;c02;4
80;Bosnia and Herzegovina;c05;Sawnwood, non-coniferous all;c02;    
81;Ghana;c05;Sawnwood, non-coniferous all;c02;    
82;Gibraltar;c05;Sawnwood, non-coniferous all;c02;    
83;Kiribati;c05;Sawnwood, non-coniferous all;c02;    
84;Greece;c05;Sawnwood, non-coniferous all;c02;    
87;Guadeloupe;c05;Sawnwood, non-coniferous all;c02;    
89;Guatemala;c05;Sawnwood, non-coniferous all;c02;    
90;Guinea;c05;Sawnwood, non-coniferous all;c02;    
91;Guyana;c05;Sawnwood, non-coniferous all;c02;    
93;Haiti;c05;Sawnwood, non-coniferous all;c02;    
95;Honduras;c05;Sawnwood, non-coniferous all;c02;    
96;China, Hong Kong SAR;c05;Sawnwood, non-coniferous all;c02;    
97;Hungary;c05;Sawnwood, non-coniferous all;c02;    
98;Croatia;c05;Sawnwood, non-coniferous all;c02;    
99;Iceland;c05;Sawnwood, non-coniferous all;c02;    
100;India;c05;Sawnwood, non-coniferous all;c02;    
101;Indonesia;c05;Sawnwood, non-coniferous all;c02;9
102;Iran (Islamic Republic of);c05;Sawnwood, non-coniferous all;c02;    
103;Iraq;c05;Sawnwood, non-coniferous all;c02;    
104;Ireland;c05;Sawnwood, non-coniferous all;c02;1
105;Israel;c05;Sawnwood, non-coniferous all;c02;    
106;Italy;c05;Sawnwood, non-coniferous all;c02;    
107;Cote d'Ivoire;c05;Sawnwood, non-coniferous all;c02;    
108;Kazakhstan;c05;Sawnwood, non-coniferous all;c02;    
109;Jamaica;c05;Sawnwood, non-coniferous all;c02;    
110;Japan;c05;Sawnwood, non-coniferous all;c02;    
112;Jordan;c05;Sawnwood, non-coniferous all;c02;    
113;Kyrgyzstan;c05;Sawnwood, non-coniferous all;c02;    
114;Kenya;c05;Sawnwood, non-coniferous all;c02;    
115;Cambodia;c05;Sawnwood, non-coniferous all;c02;    
116;Democratic People's Republic of Korea;c05;Sawnwood, non-coniferous all;c02;    
117;Republic of Korea;c05;Sawnwood, non-coniferous all;c02;    
118;Kuwait;c05;Sawnwood, non-coniferous all;c02;    
119;Latvia;c05;Sawnwood, non-coniferous all;c02;    
120;Lao People's Democratic Republic;c05;Sawnwood, non-coniferous all;c02;    
121;Lebanon;c05;Sawnwood, non-coniferous all;c02;    
122;Lesotho;c05;Sawnwood, non-coniferous all;c02;    
123;Liberia;c05;Sawnwood, non-coniferous all;c02;    
124;Libya;c05;Sawnwood, non-coniferous all;c02;    
125;Liechtenstein;c05;Sawnwood, non-coniferous all;c02;    
126;Lithuania;c05;Sawnwood, non-coniferous all;c02;5
128;China, Macao SAR;c05;Sawnwood, non-coniferous all;c02;    
129;Madagascar;c05;Sawnwood, non-coniferous all;c02;    
130;Malawi;c05;Sawnwood, non-coniferous all;c02;    
131;Malaysia;c05;Sawnwood, non-coniferous all;c02;8
132;Maldives;c05;Sawnwood, non-coniferous all;c02;    
133;Mali;c05;Sawnwood, non-coniferous all;c02;    
134;Malta;c05;Sawnwood, non-coniferous all;c02;    
135;Martinique;c05;Sawnwood, non-coniferous all;c02;    
136;Mauritania;c05;Sawnwood, non-coniferous all;c02;    
137;Mauritius;c05;Sawnwood, non-coniferous all;c02;    
138;Mexico;c05;Sawnwood, non-coniferous all;c02;    
141;Mongolia;c05;Sawnwood, non-coniferous all;c02;    
143;Morocco;c05;Sawnwood, non-coniferous all;c02;    
144;Mozambique;c05;Sawnwood, non-coniferous all;c02;    
145;Micronesia (Federated States of);c05;Sawnwood, non-coniferous all;c02;    
146;Republic of Moldova;c05;Sawnwood, non-coniferous all;c02;    
147;Namibia;c05;Sawnwood, non-coniferous all;c02;    
149;Nepal;c05;Sawnwood, non-coniferous all;c02;    
150;Netherlands;c05;Sawnwood, non-coniferous all;c02;    
151;Netherlands Antilles;c05;Sawnwood, non-coniferous all;c02;    
153;New Caledonia;c05;Sawnwood, non-coniferous all;c02;    
154;North Macedonia;c05;Sawnwood, non-coniferous all;c02;    
155;Vanuatu;c05;Sawnwood, non-coniferous all;c02;    
156;New Zealand;c05;Sawnwood, non-coniferous all;c02;    
157;Nicaragua;c05;Sawnwood, non-coniferous all;c02;    
158;Niger;c05;Sawnwood, non-coniferous all;c02;    
159;Nigeria;c05;Sawnwood, non-coniferous all;c02;7
160;Niue;c05;Sawnwood, non-coniferous all;c02;    
161;Norfolk Island;c05;Sawnwood, non-coniferous all;c02;    
162;Norway;c05;Sawnwood, non-coniferous all;c02;8
165;Pakistan;c05;Sawnwood, non-coniferous all;c02;    
166;Panama;c05;Sawnwood, non-coniferous all;c02;    
167;Czechia;c05;Sawnwood, non-coniferous all;c02;    
168;Papua New Guinea;c05;Sawnwood, non-coniferous all;c02;    
169;Paraguay;c05;Sawnwood, non-coniferous all;c02;    
170;Peru;c05;Sawnwood, non-coniferous all;c02;    
171;Philippines;c05;Sawnwood, non-coniferous all;c02;    
173;Poland;c05;Sawnwood, non-coniferous all;c02;2
174;Portugal;c05;Sawnwood, non-coniferous all;c02;    
175;Guinea-Bissau;c05;Sawnwood, non-coniferous all;c02;    
176;Timor-Leste;c05;Sawnwood, non-coniferous all;c02;    
178;Eritrea;c05;Sawnwood, non-coniferous all;c02;    
179;Qatar;c05;Sawnwood, non-coniferous all;c02;    
181;Zimbabwe;c05;Sawnwood, non-coniferous all;c02;    
182;Reunion;c05;Sawnwood, non-coniferous all;c02;    
183;Romania;c05;Sawnwood, non-coniferous all;c02;    
184;Rwanda;c05;Sawnwood, non-coniferous all;c02;    
185;Russian Federation;c05;Sawnwood, non-coniferous all;c02;    
186;Serbia and Montenegro;c05;Sawnwood, non-coniferous all;c02;    
189;Saint Lucia;c05;Sawnwood, non-coniferous all;c02;    
190;Saint Pierre and Miquelon;c05;Sawnwood, non-coniferous all;c02;    
191;Saint Vincent and the Grenadines;c05;Sawnwood, non-coniferous all;c02;    
193;Sao Tome and Principe;c05;Sawnwood, non-coniferous all;c02;    
194;Saudi Arabia;c05;Sawnwood, non-coniferous all;c02;    
195;Senegal;c05;Sawnwood, non-coniferous all;c02;    
196;Seychelles;c05;Sawnwood, non-coniferous all;c02;    
197;Sierra Leone;c05;Sawnwood, non-coniferous all;c02;    
198;Slovenia;c05;Sawnwood, non-coniferous all;c02;    
199;Slovakia;c05;Sawnwood, non-coniferous all;c02;8
200;Singapore;c05;Sawnwood, non-coniferous all;c02;    
201;Somalia;c05;Sawnwood, non-coniferous all;c02;    
202;South Africa;c05;Sawnwood, non-coniferous all;c02;    
203;Spain;c05;Sawnwood, non-coniferous all;c02;6
207;Suriname;c05;Sawnwood, non-coniferous all;c02;    
208;Tajikistan;c05;Sawnwood, non-coniferous all;c02;    
209;Eswatini;c05;Sawnwood, non-coniferous all;c02;    
210;Sweden;c05;Sawnwood, non-coniferous all;c02;    
211;Switzerland;c05;Sawnwood, non-coniferous all;c02;    
212;Syrian Arab Republic;c05;Sawnwood, non-coniferous all;c02;    
213;Turkmenistan;c05;Sawnwood, non-coniferous all;c02;    
214;China, Taiwan Province of;c05;Sawnwood, non-coniferous all;c02;    
215;United Republic of Tanzania;c05;Sawnwood, non-coniferous all;c02;    
216;Thailand;c05;Sawnwood, non-coniferous all;c02;    
217;Togo;c05;Sawnwood, non-coniferous all;c02;    
219;Tonga;c05;Sawnwood, non-coniferous all;c02;    
220;Trinidad and Tobago;c05;Sawnwood, non-coniferous all;c02;    
221;Oman;c05;Sawnwood, non-coniferous all;c02;    
222;Tunisia;c05;Sawnwood, non-coniferous all;c02;    
223;Turkey;c05;Sawnwood, non-coniferous all;c02;    
224;Turks and Caicos Islands;c05;Sawnwood, non-coniferous all;c02;    
225;United Arab Emirates;c05;Sawnwood, non-coniferous all;c02;    
226;Uganda;c05;Sawnwood, non-coniferous all;c02;    
229;United Kingdom;c05;Sawnwood, non-coniferous all;c02;    
230;Ukraine;c05;Sawnwood, non-coniferous all;c02;5
231;United States of America;c05;Sawnwood, non-coniferous all;c02;2
233;Burkina Faso;c05;Sawnwood, non-coniferous all;c02;    
234;Uruguay;c05;Sawnwood, non-coniferous all;c02;    
235;Uzbekistan;c05;Sawnwood, non-coniferous all;c02;    
236;Venezuela (Bolivarian Republic of);c05;Sawnwood, non-coniferous all;c02;    
237;Viet Nam;c05;Sawnwood, non-coniferous all;c02;    
238;Ethiopia;c05;Sawnwood, non-coniferous all;c02;    
239;British Virgin Islands;c05;Sawnwood, non-coniferous all;c02;    
244;Samoa;c05;Sawnwood, non-coniferous all;c02;    
249;Yemen;c05;Sawnwood, non-coniferous all;c02;    
250;Democratic Republic of the Congo;c05;Sawnwood, non-coniferous all;c02;    
251;Zambia;c05;Sawnwood, non-coniferous all;c02;    
255;Belgium;c05;Sawnwood, non-coniferous all;c02;    
256;Luxembourg;c05;Sawnwood, non-coniferous all;c02;    
270;Mayotte;c05;Sawnwood, non-coniferous all;c02;    
272;Serbia;c05;Sawnwood, non-coniferous all;c02;    
273;Montenegro;c05;Sawnwood, non-coniferous all;c02;    
276;Sudan;c05;Sawnwood, non-coniferous all;c02;    
277;South Sudan;c05;Sawnwood, non-coniferous all;c02;    
5;American Samoa;c05;Sawnwood, non-coniferous all;c02;    
8;Antigua and Barbuda;c05;Sawnwood, non-coniferous all;c02;    
17;Bermuda;c05;Sawnwood, non-coniferous all;c02;    
24;British Indian Ocean Territory;c05;Sawnwood, non-coniferous all;c02;    
36;Cayman Islands;c05;Sawnwood, non-coniferous all;c02;    
43;Cocos (Keeling) Islands;c05;Sawnwood, non-coniferous all;c02;    
71;French Southern and Antarctic Territories;c05;Sawnwood, non-coniferous all;c02;    
85;Greenland;c05;Sawnwood, non-coniferous all;c02;    
86;Grenada;c05;Sawnwood, non-coniferous all;c02;    
88;Guam;c05;Sawnwood, non-coniferous all;c02;    
94;Holy See;c05;Sawnwood, non-coniferous all;c02;    
127;Marshall Islands;c05;Sawnwood, non-coniferous all;c02;    
142;Montserrat;c05;Sawnwood, non-coniferous all;c02;    
148;Nauru;c05;Sawnwood, non-coniferous all;c02;    
163;Northern Mariana Islands;c05;Sawnwood, non-coniferous all;c02;    
164;Pacific Islands Trust Territory;c05;Sawnwood, non-coniferous all;c02;    
172;Pitcairn Islands;c05;Sawnwood, non-coniferous all;c02;    
180;Palau;c05;Sawnwood, non-coniferous all;c02;    
187;Saint Helena, Ascension and Tristan da Cunha;c05;Sawnwood, non-coniferous all;c02;    
188;Saint Kitts and Nevis;c05;Sawnwood, non-coniferous all;c02;    
192;San Marino;c05;Sawnwood, non-coniferous all;c02;    
205;Western Sahara;c05;Sawnwood, non-coniferous all;c02;    
218;Tokelau;c05;Sawnwood, non-coniferous all;c02;    
227;Tuvalu;c05;Sawnwood, non-coniferous all;c02;    
228;USSR;c05;Sawnwood, non-coniferous all;c02;    
242;Wake Island;c05;Sawnwood, non-coniferous all;c02;    
243;Wallis and Futuna Islands;c05;Sawnwood, non-coniferous all;c02;    
248;Yugoslav SFR;c05;Sawnwood, non-coniferous all;c02;    
258;Anguilla;c05;Sawnwood, non-coniferous all;c02;    
279;Curaçao;c05;Sawnwood, non-coniferous all;c02;    
281;Saint-Martin (French Part);c05;Sawnwood, non-coniferous all;c02;    
299;Palestine;c05;Sawnwood, non-coniferous all;c02;    
252;Unspecified Area;c05;Sawnwood, non-coniferous all;c02;    
254;Others (adjustment);c05;Sawnwood, non-coniferous all;c02;    
999;RoW;c05;Sawnwood, non-coniferous all;c02;
;ASI;c05;Sawnwood, non-coniferous all;c02;5
;EUR;c05;Sawnwood, non-coniferous all;c02;5
;AFR;c05;Sawnwood, non-coniferous all;c02;7
;LAM;c05;Sawnwood, non-coniferous all;c02;    
;OCE;c05;Sawnwood, non-coniferous all;c02;    
;NAM;c05;Sawnwood, non-coniferous all;c02;3
1;Armenia;c06;Veneer sheets;c01;    
2;Afghanistan;c06;Veneer sheets;c01;    
3;Albania;c06;Veneer sheets;c01;    
4;Algeria;c06;Veneer sheets;c01;    
6;Andorra;c06;Veneer sheets;c01;    
7;Angola;c06;Veneer sheets;c01;    
9;Argentina;c06;Veneer sheets;c01;    
10;Australia;c06;Veneer sheets;c01;    
11;Austria;c06;Veneer sheets;c01;    
12;Bahamas;c06;Veneer sheets;c01;    
13;Bahrain;c06;Veneer sheets;c01;    
14;Barbados;c06;Veneer sheets;c01;    
15;Belgium-Luxembourg;c06;Veneer sheets;c01;    
16;Bangladesh;c06;Veneer sheets;c01;    
18;Bhutan;c06;Veneer sheets;c01;    
19;Bolivia (Plurinational State of);c06;Veneer sheets;c01;    
20;Botswana;c06;Veneer sheets;c01;    
21;Brazil;c06;Veneer sheets;c01;    
22;Aruba;c06;Veneer sheets;c01;    
23;Belize;c06;Veneer sheets;c01;    
25;Solomon Islands;c06;Veneer sheets;c01;    
26;Brunei Darussalam;c06;Veneer sheets;c01;    
27;Bulgaria;c06;Veneer sheets;c01;    
28;Myanmar;c06;Veneer sheets;c01;    
29;Burundi;c06;Veneer sheets;c01;    
32;Cameroon;c06;Veneer sheets;c01;    
33;Canada;c06;Veneer sheets;c01;5
35;Cabo Verde;c06;Veneer sheets;c01;    
37;Central African Republic;c06;Veneer sheets;c01;    
38;Sri Lanka;c06;Veneer sheets;c01;    
39;Chad;c06;Veneer sheets;c01;    
40;Chile;c06;Veneer sheets;c01;    
41;China, mainland;c06;Veneer sheets;c01;5
42;Christmas Island;c06;Veneer sheets;c01;    
44;Colombia;c06;Veneer sheets;c01;    
45;Comoros;c06;Veneer sheets;c01;    
46;Congo;c06;Veneer sheets;c01;    
47;Cook Islands;c06;Veneer sheets;c01;    
48;Costa Rica;c06;Veneer sheets;c01;    
49;Cuba;c06;Veneer sheets;c01;    
50;Cyprus;c06;Veneer sheets;c01;    
51;Czechoslovakia;c06;Veneer sheets;c01;    
52;Azerbaijan;c06;Veneer sheets;c01;    
53;Benin;c06;Veneer sheets;c01;    
54;Denmark;c06;Veneer sheets;c01;    
55;Dominica;c06;Veneer sheets;c01;    
56;Dominican Republic;c06;Veneer sheets;c01;    
57;Belarus;c06;Veneer sheets;c01;    
58;Ecuador;c06;Veneer sheets;c01;    
59;Egypt;c06;Veneer sheets;c01;    
60;El Salvador;c06;Veneer sheets;c01;    
61;Equatorial Guinea;c06;Veneer sheets;c01;    
63;Estonia;c06;Veneer sheets;c01;    
64;Faroe Islands;c06;Veneer sheets;c01;    
65;Falkland Islands (Malvinas);c06;Veneer sheets;c01;    
66;Fiji;c06;Veneer sheets;c01;    
67;Finland;c06;Veneer sheets;c01;7
68;France;c06;Veneer sheets;c01;5
69;French Guyana;c06;Veneer sheets;c01;    
70;French Polynesia;c06;Veneer sheets;c01;    
72;Djibouti;c06;Veneer sheets;c01;    
73;Georgia;c06;Veneer sheets;c01;    
74;Gabon;c06;Veneer sheets;c01;    
75;Gambia;c06;Veneer sheets;c01;    
79;Germany;c06;Veneer sheets;c01;    
80;Bosnia and Herzegovina;c06;Veneer sheets;c01;    
81;Ghana;c06;Veneer sheets;c01;    
82;Gibraltar;c06;Veneer sheets;c01;    
83;Kiribati;c06;Veneer sheets;c01;    
84;Greece;c06;Veneer sheets;c01;    
87;Guadeloupe;c06;Veneer sheets;c01;    
89;Guatemala;c06;Veneer sheets;c01;    
90;Guinea;c06;Veneer sheets;c01;    
91;Guyana;c06;Veneer sheets;c01;    
93;Haiti;c06;Veneer sheets;c01;    
95;Honduras;c06;Veneer sheets;c01;    
96;China, Hong Kong SAR;c06;Veneer sheets;c01;    
97;Hungary;c06;Veneer sheets;c01;    
98;Croatia;c06;Veneer sheets;c01;    
99;Iceland;c06;Veneer sheets;c01;    
100;India;c06;Veneer sheets;c01;    
101;Indonesia;c06;Veneer sheets;c01;    
102;Iran (Islamic Republic of);c06;Veneer sheets;c01;    
103;Iraq;c06;Veneer sheets;c01;    
104;Ireland;c06;Veneer sheets;c01;    
105;Israel;c06;Veneer sheets;c01;    
106;Italy;c06;Veneer sheets;c01;    
107;Cote d'Ivoire;c06;Veneer sheets;c01;    
108;Kazakhstan;c06;Veneer sheets;c01;    
109;Jamaica;c06;Veneer sheets;c01;    
110;Japan;c06;Veneer sheets;c01;    
112;Jordan;c06;Veneer sheets;c01;    
113;Kyrgyzstan;c06;Veneer sheets;c01;    
114;Kenya;c06;Veneer sheets;c01;    
115;Cambodia;c06;Veneer sheets;c01;    
116;Democratic People's Republic of Korea;c06;Veneer sheets;c01;    
117;Republic of Korea;c06;Veneer sheets;c01;    
118;Kuwait;c06;Veneer sheets;c01;    
119;Latvia;c06;Veneer sheets;c01;    
120;Lao People's Democratic Republic;c06;Veneer sheets;c01;    
121;Lebanon;c06;Veneer sheets;c01;    
122;Lesotho;c06;Veneer sheets;c01;    
123;Liberia;c06;Veneer sheets;c01;    
124;Libya;c06;Veneer sheets;c01;    
125;Liechtenstein;c06;Veneer sheets;c01;    
126;Lithuania;c06;Veneer sheets;c01;    
128;China, Macao SAR;c06;Veneer sheets;c01;    
129;Madagascar;c06;Veneer sheets;c01;    
130;Malawi;c06;Veneer sheets;c01;    
131;Malaysia;c06;Veneer sheets;c01;    
132;Maldives;c06;Veneer sheets;c01;    
133;Mali;c06;Veneer sheets;c01;    
134;Malta;c06;Veneer sheets;c01;    
135;Martinique;c06;Veneer sheets;c01;    
136;Mauritania;c06;Veneer sheets;c01;    
137;Mauritius;c06;Veneer sheets;c01;    
138;Mexico;c06;Veneer sheets;c01;9
141;Mongolia;c06;Veneer sheets;c01;    
143;Morocco;c06;Veneer sheets;c01;    
144;Mozambique;c06;Veneer sheets;c01;    
145;Micronesia (Federated States of);c06;Veneer sheets;c01;    
146;Republic of Moldova;c06;Veneer sheets;c01;    
147;Namibia;c06;Veneer sheets;c01;    
149;Nepal;c06;Veneer sheets;c01;    
150;Netherlands;c06;Veneer sheets;c01;    
151;Netherlands Antilles;c06;Veneer sheets;c01;    
153;New Caledonia;c06;Veneer sheets;c01;    
154;North Macedonia;c06;Veneer sheets;c01;    
155;Vanuatu;c06;Veneer sheets;c01;    
156;New Zealand;c06;Veneer sheets;c01;    
157;Nicaragua;c06;Veneer sheets;c01;    
158;Niger;c06;Veneer sheets;c01;    
159;Nigeria;c06;Veneer sheets;c01;    
160;Niue;c06;Veneer sheets;c01;    
161;Norfolk Island;c06;Veneer sheets;c01;    
162;Norway;c06;Veneer sheets;c01;    
165;Pakistan;c06;Veneer sheets;c01;    
166;Panama;c06;Veneer sheets;c01;    
167;Czechia;c06;Veneer sheets;c01;    
168;Papua New Guinea;c06;Veneer sheets;c01;    
169;Paraguay;c06;Veneer sheets;c01;    
170;Peru;c06;Veneer sheets;c01;    
171;Philippines;c06;Veneer sheets;c01;    
173;Poland;c06;Veneer sheets;c01;3
174;Portugal;c06;Veneer sheets;c01;    
175;Guinea-Bissau;c06;Veneer sheets;c01;    
176;Timor-Leste;c06;Veneer sheets;c01;    
178;Eritrea;c06;Veneer sheets;c01;    
179;Qatar;c06;Veneer sheets;c01;    
181;Zimbabwe;c06;Veneer sheets;c01;    
182;Reunion;c06;Veneer sheets;c01;    
183;Romania;c06;Veneer sheets;c01;    
184;Rwanda;c06;Veneer sheets;c01;    
185;Russian Federation;c06;Veneer sheets;c01;    
186;Serbia and Montenegro;c06;Veneer sheets;c01;    
189;Saint Lucia;c06;Veneer sheets;c01;    
190;Saint Pierre and Miquelon;c06;Veneer sheets;c01;    
191;Saint Vincent and the Grenadines;c06;Veneer sheets;c01;    
193;Sao Tome and Principe;c06;Veneer sheets;c01;    
194;Saudi Arabia;c06;Veneer sheets;c01;    
195;Senegal;c06;Veneer sheets;c01;    
196;Seychelles;c06;Veneer sheets;c01;    
197;Sierra Leone;c06;Veneer sheets;c01;    
198;Slovenia;c06;Veneer sheets;c01;    
199;Slovakia;c06;Veneer sheets;c01;    
200;Singapore;c06;Veneer sheets;c01;    
201;Somalia;c06;Veneer sheets;c01;    
202;South Africa;c06;Veneer sheets;c01;4
203;Spain;c06;Veneer sheets;c01;    
207;Suriname;c06;Veneer sheets;c01;    
208;Tajikistan;c06;Veneer sheets;c01;    
209;Eswatini;c06;Veneer sheets;c01;    
210;Sweden;c06;Veneer sheets;c01;    
211;Switzerland;c06;Veneer sheets;c01;    
212;Syrian Arab Republic;c06;Veneer sheets;c01;    
213;Turkmenistan;c06;Veneer sheets;c01;    
214;China, Taiwan Province of;c06;Veneer sheets;c01;    
215;United Republic of Tanzania;c06;Veneer sheets;c01;    
216;Thailand;c06;Veneer sheets;c01;    
217;Togo;c06;Veneer sheets;c01;    
219;Tonga;c06;Veneer sheets;c01;    
220;Trinidad and Tobago;c06;Veneer sheets;c01;    
221;Oman;c06;Veneer sheets;c01;    
222;Tunisia;c06;Veneer sheets;c01;    
223;Turkey;c06;Veneer sheets;c01;    
224;Turks and Caicos Islands;c06;Veneer sheets;c01;    
225;United Arab Emirates;c06;Veneer sheets;c01;    
226;Uganda;c06;Veneer sheets;c01;    
229;United Kingdom;c06;Veneer sheets;c01;    
230;Ukraine;c06;Veneer sheets;c01;    
231;United States of America;c06;Veneer sheets;c01;3
233;Burkina Faso;c06;Veneer sheets;c01;    
234;Uruguay;c06;Veneer sheets;c01;    
235;Uzbekistan;c06;Veneer sheets;c01;    
236;Venezuela (Bolivarian Republic of);c06;Veneer sheets;c01;    
237;Viet Nam;c06;Veneer sheets;c01;    
238;Ethiopia;c06;Veneer sheets;c01;    
239;British Virgin Islands;c06;Veneer sheets;c01;    
244;Samoa;c06;Veneer sheets;c01;    
249;Yemen;c06;Veneer sheets;c01;    
250;Democratic Republic of the Congo;c06;Veneer sheets;c01;    
251;Zambia;c06;Veneer sheets;c01;    
255;Belgium;c06;Veneer sheets;c01;    
256;Luxembourg;c06;Veneer sheets;c01;    
270;Mayotte;c06;Veneer sheets;c01;    
272;Serbia;c06;Veneer sheets;c01;    
273;Montenegro;c06;Veneer sheets;c01;    
276;Sudan;c06;Veneer sheets;c01;    
277;South Sudan;c06;Veneer sheets;c01;    
5;American Samoa;c06;Veneer sheets;c01;    
8;Antigua and Barbuda;c06;Veneer sheets;c01;    
17;Bermuda;c06;Veneer sheets;c01;    
24;British Indian Ocean Territory;c06;Veneer sheets;c01;    
36;Cayman Islands;c06;Veneer sheets;c01;    
43;Cocos (Keeling) Islands;c06;Veneer sheets;c01;    
71;French Southern and Antarctic Territories;c06;Veneer sheets;c01;    
85;Greenland;c06;Veneer sheets;c01;    
86;Grenada;c06;Veneer sheets;c01;    
88;Guam;c06;Veneer sheets;c01;    
94;Holy See;c06;Veneer sheets;c01;    
127;Marshall Islands;c06;Veneer sheets;c01;    
142;Montserrat;c06;Veneer sheets;c01;    
148;Nauru;c06;Veneer sheets;c01;    
163;Northern Mariana Islands;c06;Veneer sheets;c01;    
164;Pacific Islands Trust Territory;c06;Veneer sheets;c01;    
172;Pitcairn Islands;c06;Veneer sheets;c01;    
180;Palau;c06;Veneer sheets;c01;    
187;Saint Helena, Ascension and Tristan da Cunha;c06;Veneer sheets;c01;    
188;Saint Kitts and Nevis;c06;Veneer sheets;c01;    
192;San Marino;c06;Veneer sheets;c01;    
205;Western Sahara;c06;Veneer sheets;c01;    
218;Tokelau;c06;Veneer sheets;c01;    
227;Tuvalu;c06;Veneer sheets;c01;    
228;USSR;c06;Veneer sheets;c01;    
242;Wake Island;c06;Veneer sheets;c01;    
243;Wallis and Futuna Islands;c06;Veneer sheets;c01;    
248;Yugoslav SFR;c06;Veneer sheets;c01;    
258;Anguilla;c06;Veneer sheets;c01;    
279;Curaçao;c06;Veneer sheets;c01;    
281;Saint-Martin (French Part);c06;Veneer sheets;c01;    
299;Palestine;c06;Veneer sheets;c01;    
252;Unspecified Area;c06;Veneer sheets;c01;    
254;Others (adjustment);c06;Veneer sheets;c01;    
999;RoW;c06;Veneer sheets;c01;
;ASI;c06;Veneer sheets;c01;5
;EUR;c06;Veneer sheets;c01;5
;AFR;c06;Veneer sheets;c01;4
;LAM;c06;Veneer sheets;c01;9
;OCE;c06;Veneer sheets;c01;    
;NAM;c06;Veneer sheets;c01;4
1;Armenia;c06;Veneer sheets;c02;    
2;Afghanistan;c06;Veneer sheets;c02;    
3;Albania;c06;Veneer sheets;c02;    
4;Algeria;c06;Veneer sheets;c02;    
6;Andorra;c06;Veneer sheets;c02;    
7;Angola;c06;Veneer sheets;c02;    
9;Argentina;c06;Veneer sheets;c02;    
10;Australia;c06;Veneer sheets;c02;    
11;Austria;c06;Veneer sheets;c02;    
12;Bahamas;c06;Veneer sheets;c02;    
13;Bahrain;c06;Veneer sheets;c02;    
14;Barbados;c06;Veneer sheets;c02;    
15;Belgium-Luxembourg;c06;Veneer sheets;c02;    
16;Bangladesh;c06;Veneer sheets;c02;    
18;Bhutan;c06;Veneer sheets;c02;    
19;Bolivia (Plurinational State of);c06;Veneer sheets;c02;    
20;Botswana;c06;Veneer sheets;c02;    
21;Brazil;c06;Veneer sheets;c02;    
22;Aruba;c06;Veneer sheets;c02;    
23;Belize;c06;Veneer sheets;c02;    
25;Solomon Islands;c06;Veneer sheets;c02;    
26;Brunei Darussalam;c06;Veneer sheets;c02;    
27;Bulgaria;c06;Veneer sheets;c02;    
28;Myanmar;c06;Veneer sheets;c02;    
29;Burundi;c06;Veneer sheets;c02;    
32;Cameroon;c06;Veneer sheets;c02;    
33;Canada;c06;Veneer sheets;c02;5
35;Cabo Verde;c06;Veneer sheets;c02;    
37;Central African Republic;c06;Veneer sheets;c02;    
38;Sri Lanka;c06;Veneer sheets;c02;    
39;Chad;c06;Veneer sheets;c02;    
40;Chile;c06;Veneer sheets;c02;    
41;China, mainland;c06;Veneer sheets;c02;2
42;Christmas Island;c06;Veneer sheets;c02;    
44;Colombia;c06;Veneer sheets;c02;    
45;Comoros;c06;Veneer sheets;c02;    
46;Congo;c06;Veneer sheets;c02;    
47;Cook Islands;c06;Veneer sheets;c02;    
48;Costa Rica;c06;Veneer sheets;c02;    
49;Cuba;c06;Veneer sheets;c02;    
50;Cyprus;c06;Veneer sheets;c02;    
51;Czechoslovakia;c06;Veneer sheets;c02;    
52;Azerbaijan;c06;Veneer sheets;c02;    
53;Benin;c06;Veneer sheets;c02;    
54;Denmark;c06;Veneer sheets;c02;    
55;Dominica;c06;Veneer sheets;c02;    
56;Dominican Republic;c06;Veneer sheets;c02;    
57;Belarus;c06;Veneer sheets;c02;    
58;Ecuador;c06;Veneer sheets;c02;    
59;Egypt;c06;Veneer sheets;c02;    
60;El Salvador;c06;Veneer sheets;c02;    
61;Equatorial Guinea;c06;Veneer sheets;c02;    
63;Estonia;c06;Veneer sheets;c02;    
64;Faroe Islands;c06;Veneer sheets;c02;    
65;Falkland Islands (Malvinas);c06;Veneer sheets;c02;    
66;Fiji;c06;Veneer sheets;c02;    
67;Finland;c06;Veneer sheets;c02;9
68;France;c06;Veneer sheets;c02;    
69;French Guyana;c06;Veneer sheets;c02;    
70;French Polynesia;c06;Veneer sheets;c02;    
72;Djibouti;c06;Veneer sheets;c02;    
73;Georgia;c06;Veneer sheets;c02;    
74;Gabon;c06;Veneer sheets;c02;    
75;Gambia;c06;Veneer sheets;c02;    
79;Germany;c06;Veneer sheets;c02;    
80;Bosnia and Herzegovina;c06;Veneer sheets;c02;    
81;Ghana;c06;Veneer sheets;c02;    
82;Gibraltar;c06;Veneer sheets;c02;    
83;Kiribati;c06;Veneer sheets;c02;    
84;Greece;c06;Veneer sheets;c02;    
87;Guadeloupe;c06;Veneer sheets;c02;    
89;Guatemala;c06;Veneer sheets;c02;    
90;Guinea;c06;Veneer sheets;c02;    
91;Guyana;c06;Veneer sheets;c02;    
93;Haiti;c06;Veneer sheets;c02;    
95;Honduras;c06;Veneer sheets;c02;    
96;China, Hong Kong SAR;c06;Veneer sheets;c02;    
97;Hungary;c06;Veneer sheets;c02;    
98;Croatia;c06;Veneer sheets;c02;    
99;Iceland;c06;Veneer sheets;c02;    
100;India;c06;Veneer sheets;c02;    
101;Indonesia;c06;Veneer sheets;c02;    
102;Iran (Islamic Republic of);c06;Veneer sheets;c02;    
103;Iraq;c06;Veneer sheets;c02;    
104;Ireland;c06;Veneer sheets;c02;    
105;Israel;c06;Veneer sheets;c02;    
106;Italy;c06;Veneer sheets;c02;    
107;Cote d'Ivoire;c06;Veneer sheets;c02;    
108;Kazakhstan;c06;Veneer sheets;c02;    
109;Jamaica;c06;Veneer sheets;c02;    
110;Japan;c06;Veneer sheets;c02;    
112;Jordan;c06;Veneer sheets;c02;    
113;Kyrgyzstan;c06;Veneer sheets;c02;    
114;Kenya;c06;Veneer sheets;c02;    
115;Cambodia;c06;Veneer sheets;c02;    
116;Democratic People's Republic of Korea;c06;Veneer sheets;c02;    
117;Republic of Korea;c06;Veneer sheets;c02;    
118;Kuwait;c06;Veneer sheets;c02;    
119;Latvia;c06;Veneer sheets;c02;    
120;Lao People's Democratic Republic;c06;Veneer sheets;c02;    
121;Lebanon;c06;Veneer sheets;c02;    
122;Lesotho;c06;Veneer sheets;c02;    
123;Liberia;c06;Veneer sheets;c02;    
124;Libya;c06;Veneer sheets;c02;    
125;Liechtenstein;c06;Veneer sheets;c02;    
126;Lithuania;c06;Veneer sheets;c02;6
128;China, Macao SAR;c06;Veneer sheets;c02;    
129;Madagascar;c06;Veneer sheets;c02;    
130;Malawi;c06;Veneer sheets;c02;    
131;Malaysia;c06;Veneer sheets;c02;8
132;Maldives;c06;Veneer sheets;c02;    
133;Mali;c06;Veneer sheets;c02;    
134;Malta;c06;Veneer sheets;c02;    
135;Martinique;c06;Veneer sheets;c02;    
136;Mauritania;c06;Veneer sheets;c02;    
137;Mauritius;c06;Veneer sheets;c02;    
138;Mexico;c06;Veneer sheets;c02;10
141;Mongolia;c06;Veneer sheets;c02;    
143;Morocco;c06;Veneer sheets;c02;    
144;Mozambique;c06;Veneer sheets;c02;    
145;Micronesia (Federated States of);c06;Veneer sheets;c02;    
146;Republic of Moldova;c06;Veneer sheets;c02;    
147;Namibia;c06;Veneer sheets;c02;    
149;Nepal;c06;Veneer sheets;c02;    
150;Netherlands;c06;Veneer sheets;c02;2
151;Netherlands Antilles;c06;Veneer sheets;c02;    
153;New Caledonia;c06;Veneer sheets;c02;    
154;North Macedonia;c06;Veneer sheets;c02;    
155;Vanuatu;c06;Veneer sheets;c02;    
156;New Zealand;c06;Veneer sheets;c02;    
157;Nicaragua;c06;Veneer sheets;c02;    
158;Niger;c06;Veneer sheets;c02;    
159;Nigeria;c06;Veneer sheets;c02;    
160;Niue;c06;Veneer sheets;c02;    
161;Norfolk Island;c06;Veneer sheets;c02;    
162;Norway;c06;Veneer sheets;c02;    
165;Pakistan;c06;Veneer sheets;c02;    
166;Panama;c06;Veneer sheets;c02;    
167;Czechia;c06;Veneer sheets;c02;    
168;Papua New Guinea;c06;Veneer sheets;c02;    
169;Paraguay;c06;Veneer sheets;c02;    
170;Peru;c06;Veneer sheets;c02;    
171;Philippines;c06;Veneer sheets;c02;    
173;Poland;c06;Veneer sheets;c02;    
174;Portugal;c06;Veneer sheets;c02;    
175;Guinea-Bissau;c06;Veneer sheets;c02;    
176;Timor-Leste;c06;Veneer sheets;c02;    
178;Eritrea;c06;Veneer sheets;c02;    
179;Qatar;c06;Veneer sheets;c02;    
181;Zimbabwe;c06;Veneer sheets;c02;    
182;Reunion;c06;Veneer sheets;c02;    
183;Romania;c06;Veneer sheets;c02;    
184;Rwanda;c06;Veneer sheets;c02;    
185;Russian Federation;c06;Veneer sheets;c02;14
186;Serbia and Montenegro;c06;Veneer sheets;c02;    
189;Saint Lucia;c06;Veneer sheets;c02;    
190;Saint Pierre and Miquelon;c06;Veneer sheets;c02;    
191;Saint Vincent and the Grenadines;c06;Veneer sheets;c02;    
193;Sao Tome and Principe;c06;Veneer sheets;c02;    
194;Saudi Arabia;c06;Veneer sheets;c02;    
195;Senegal;c06;Veneer sheets;c02;    
196;Seychelles;c06;Veneer sheets;c02;    
197;Sierra Leone;c06;Veneer sheets;c02;    
198;Slovenia;c06;Veneer sheets;c02;8
199;Slovakia;c06;Veneer sheets;c02;    
200;Singapore;c06;Veneer sheets;c02;    
201;Somalia;c06;Veneer sheets;c02;    
202;South Africa;c06;Veneer sheets;c02;    
203;Spain;c06;Veneer sheets;c02;    
207;Suriname;c06;Veneer sheets;c02;    
208;Tajikistan;c06;Veneer sheets;c02;    
209;Eswatini;c06;Veneer sheets;c02;    
210;Sweden;c06;Veneer sheets;c02;    
211;Switzerland;c06;Veneer sheets;c02;    
212;Syrian Arab Republic;c06;Veneer sheets;c02;    
213;Turkmenistan;c06;Veneer sheets;c02;    
214;China, Taiwan Province of;c06;Veneer sheets;c02;    
215;United Republic of Tanzania;c06;Veneer sheets;c02;    
216;Thailand;c06;Veneer sheets;c02;    
217;Togo;c06;Veneer sheets;c02;    
219;Tonga;c06;Veneer sheets;c02;    
220;Trinidad and Tobago;c06;Veneer sheets;c02;    
221;Oman;c06;Veneer sheets;c02;    
222;Tunisia;c06;Veneer sheets;c02;    
223;Turkey;c06;Veneer sheets;c02;    
224;Turks and Caicos Islands;c06;Veneer sheets;c02;    
225;United Arab Emirates;c06;Veneer sheets;c02;    
226;Uganda;c06;Veneer sheets;c02;    
229;United Kingdom;c06;Veneer sheets;c02;    
230;Ukraine;c06;Veneer sheets;c02;    
231;United States of America;c06;Veneer sheets;c02;3
233;Burkina Faso;c06;Veneer sheets;c02;    
234;Uruguay;c06;Veneer sheets;c02;    
235;Uzbekistan;c06;Veneer sheets;c02;    
236;Venezuela (Bolivarian Republic of);c06;Veneer sheets;c02;    
237;Viet Nam;c06;Veneer sheets;c02;    
238;Ethiopia;c06;Veneer sheets;c02;    
239;British Virgin Islands;c06;Veneer sheets;c02;    
244;Samoa;c06;Veneer sheets;c02;    
249;Yemen;c06;Veneer sheets;c02;    
250;Democratic Republic of the Congo;c06;Veneer sheets;c02;    
251;Zambia;c06;Veneer sheets;c02;    
255;Belgium;c06;Veneer sheets;c02;    
256;Luxembourg;c06;Veneer sheets;c02;    
270;Mayotte;c06;Veneer sheets;c02;    
272;Serbia;c06;Veneer sheets;c02;    
273;Montenegro;c06;Veneer sheets;c02;    
276;Sudan;c06;Veneer sheets;c02;    
277;South Sudan;c06;Veneer sheets;c02;    
5;American Samoa;c06;Veneer sheets;c02;    
8;Antigua and Barbuda;c06;Veneer sheets;c02;    
17;Bermuda;c06;Veneer sheets;c02;    
24;British Indian Ocean Territory;c06;Veneer sheets;c02;    
36;Cayman Islands;c06;Veneer sheets;c02;    
43;Cocos (Keeling) Islands;c06;Veneer sheets;c02;    
71;French Southern and Antarctic Territories;c06;Veneer sheets;c02;    
85;Greenland;c06;Veneer sheets;c02;    
86;Grenada;c06;Veneer sheets;c02;    
88;Guam;c06;Veneer sheets;c02;    
94;Holy See;c06;Veneer sheets;c02;    
127;Marshall Islands;c06;Veneer sheets;c02;    
142;Montserrat;c06;Veneer sheets;c02;    
148;Nauru;c06;Veneer sheets;c02;    
163;Northern Mariana Islands;c06;Veneer sheets;c02;    
164;Pacific Islands Trust Territory;c06;Veneer sheets;c02;    
172;Pitcairn Islands;c06;Veneer sheets;c02;    
180;Palau;c06;Veneer sheets;c02;    
187;Saint Helena, Ascension and Tristan da Cunha;c06;Veneer sheets;c02;    
188;Saint Kitts and Nevis;c06;Veneer sheets;c02;    
192;San Marino;c06;Veneer sheets;c02;    
205;Western Sahara;c06;Veneer sheets;c02;    
218;Tokelau;c06;Veneer sheets;c02;    
227;Tuvalu;c06;Veneer sheets;c02;    
228;USSR;c06;Veneer sheets;c02;    
242;Wake Island;c06;Veneer sheets;c02;    
243;Wallis and Futuna Islands;c06;Veneer sheets;c02;    
248;Yugoslav SFR;c06;Veneer sheets;c02;    
258;Anguilla;c06;Veneer sheets;c02;    
279;Curaçao;c06;Veneer sheets;c02;    
281;Saint-Martin (French Part);c06;Veneer sheets;c02;    
299;Palestine;c06;Veneer sheets;c02;    
252;Unspecified Area;c06;Veneer sheets;c02;    
254;Others (adjustment);c06;Veneer sheets;c02;    
999;RoW;c06;Veneer sheets;c02;
;ASI;c06;Veneer sheets;c02;2
;EUR;c06;Veneer sheets;c02;8
;AFR;c06;Veneer sheets;c02;    
;LAM;c06;Veneer sheets;c02;10
;OCE;c06;Veneer sheets;c02;    
;NAM;c06;Veneer sheets;c02;4
1;Armenia;c07;Plywood;c01;    
2;Afghanistan;c07;Plywood;c01;    
3;Albania;c07;Plywood;c01;    
4;Algeria;c07;Plywood;c01;    
6;Andorra;c07;Plywood;c01;    
7;Angola;c07;Plywood;c01;    
9;Argentina;c07;Plywood;c01;    
10;Australia;c07;Plywood;c01;    
11;Austria;c07;Plywood;c01;    
12;Bahamas;c07;Plywood;c01;    
13;Bahrain;c07;Plywood;c01;    
14;Barbados;c07;Plywood;c01;    
15;Belgium-Luxembourg;c07;Plywood;c01;    
16;Bangladesh;c07;Plywood;c01;    
18;Bhutan;c07;Plywood;c01;    
19;Bolivia (Plurinational State of);c07;Plywood;c01;    
20;Botswana;c07;Plywood;c01;    
21;Brazil;c07;Plywood;c01;    
22;Aruba;c07;Plywood;c01;    
23;Belize;c07;Plywood;c01;    
25;Solomon Islands;c07;Plywood;c01;    
26;Brunei Darussalam;c07;Plywood;c01;    
27;Bulgaria;c07;Plywood;c01;    
28;Myanmar;c07;Plywood;c01;    
29;Burundi;c07;Plywood;c01;    
32;Cameroon;c07;Plywood;c01;    
33;Canada;c07;Plywood;c01;5
35;Cabo Verde;c07;Plywood;c01;    
37;Central African Republic;c07;Plywood;c01;    
38;Sri Lanka;c07;Plywood;c01;    
39;Chad;c07;Plywood;c01;    
40;Chile;c07;Plywood;c01;    
41;China, mainland;c07;Plywood;c01;5
42;Christmas Island;c07;Plywood;c01;    
44;Colombia;c07;Plywood;c01;    
45;Comoros;c07;Plywood;c01;    
46;Congo;c07;Plywood;c01;    
47;Cook Islands;c07;Plywood;c01;    
48;Costa Rica;c07;Plywood;c01;    
49;Cuba;c07;Plywood;c01;    
50;Cyprus;c07;Plywood;c01;    
51;Czechoslovakia;c07;Plywood;c01;    
52;Azerbaijan;c07;Plywood;c01;    
53;Benin;c07;Plywood;c01;    
54;Denmark;c07;Plywood;c01;    
55;Dominica;c07;Plywood;c01;    
56;Dominican Republic;c07;Plywood;c01;    
57;Belarus;c07;Plywood;c01;    
58;Ecuador;c07;Plywood;c01;    
59;Egypt;c07;Plywood;c01;    
60;El Salvador;c07;Plywood;c01;    
61;Equatorial Guinea;c07;Plywood;c01;    
63;Estonia;c07;Plywood;c01;    
64;Faroe Islands;c07;Plywood;c01;    
65;Falkland Islands (Malvinas);c07;Plywood;c01;    
66;Fiji;c07;Plywood;c01;    
67;Finland;c07;Plywood;c01;7
68;France;c07;Plywood;c01;5
69;French Guyana;c07;Plywood;c01;    
70;French Polynesia;c07;Plywood;c01;    
72;Djibouti;c07;Plywood;c01;    
73;Georgia;c07;Plywood;c01;    
74;Gabon;c07;Plywood;c01;    
75;Gambia;c07;Plywood;c01;    
79;Germany;c07;Plywood;c01;    
80;Bosnia and Herzegovina;c07;Plywood;c01;    
81;Ghana;c07;Plywood;c01;    
82;Gibraltar;c07;Plywood;c01;    
83;Kiribati;c07;Plywood;c01;    
84;Greece;c07;Plywood;c01;    
87;Guadeloupe;c07;Plywood;c01;    
89;Guatemala;c07;Plywood;c01;    
90;Guinea;c07;Plywood;c01;    
91;Guyana;c07;Plywood;c01;    
93;Haiti;c07;Plywood;c01;    
95;Honduras;c07;Plywood;c01;    
96;China, Hong Kong SAR;c07;Plywood;c01;    
97;Hungary;c07;Plywood;c01;    
98;Croatia;c07;Plywood;c01;    
99;Iceland;c07;Plywood;c01;    
100;India;c07;Plywood;c01;    
101;Indonesia;c07;Plywood;c01;    
102;Iran (Islamic Republic of);c07;Plywood;c01;    
103;Iraq;c07;Plywood;c01;    
104;Ireland;c07;Plywood;c01;    
105;Israel;c07;Plywood;c01;    
106;Italy;c07;Plywood;c01;    
107;Cote d'Ivoire;c07;Plywood;c01;    
108;Kazakhstan;c07;Plywood;c01;    
109;Jamaica;c07;Plywood;c01;    
110;Japan;c07;Plywood;c01;    
112;Jordan;c07;Plywood;c01;    
113;Kyrgyzstan;c07;Plywood;c01;    
114;Kenya;c07;Plywood;c01;    
115;Cambodia;c07;Plywood;c01;    
116;Democratic People's Republic of Korea;c07;Plywood;c01;    
117;Republic of Korea;c07;Plywood;c01;    
118;Kuwait;c07;Plywood;c01;    
119;Latvia;c07;Plywood;c01;    
120;Lao People's Democratic Republic;c07;Plywood;c01;    
121;Lebanon;c07;Plywood;c01;    
122;Lesotho;c07;Plywood;c01;    
123;Liberia;c07;Plywood;c01;    
124;Libya;c07;Plywood;c01;    
125;Liechtenstein;c07;Plywood;c01;    
126;Lithuania;c07;Plywood;c01;    
128;China, Macao SAR;c07;Plywood;c01;    
129;Madagascar;c07;Plywood;c01;    
130;Malawi;c07;Plywood;c01;    
131;Malaysia;c07;Plywood;c01;    
132;Maldives;c07;Plywood;c01;    
133;Mali;c07;Plywood;c01;    
134;Malta;c07;Plywood;c01;    
135;Martinique;c07;Plywood;c01;    
136;Mauritania;c07;Plywood;c01;    
137;Mauritius;c07;Plywood;c01;    
138;Mexico;c07;Plywood;c01;9
141;Mongolia;c07;Plywood;c01;    
143;Morocco;c07;Plywood;c01;    
144;Mozambique;c07;Plywood;c01;    
145;Micronesia (Federated States of);c07;Plywood;c01;    
146;Republic of Moldova;c07;Plywood;c01;    
147;Namibia;c07;Plywood;c01;    
149;Nepal;c07;Plywood;c01;    
150;Netherlands;c07;Plywood;c01;    
151;Netherlands Antilles;c07;Plywood;c01;    
153;New Caledonia;c07;Plywood;c01;    
154;North Macedonia;c07;Plywood;c01;    
155;Vanuatu;c07;Plywood;c01;    
156;New Zealand;c07;Plywood;c01;    
157;Nicaragua;c07;Plywood;c01;    
158;Niger;c07;Plywood;c01;    
159;Nigeria;c07;Plywood;c01;    
160;Niue;c07;Plywood;c01;    
161;Norfolk Island;c07;Plywood;c01;    
162;Norway;c07;Plywood;c01;    
165;Pakistan;c07;Plywood;c01;    
166;Panama;c07;Plywood;c01;    
167;Czechia;c07;Plywood;c01;    
168;Papua New Guinea;c07;Plywood;c01;    
169;Paraguay;c07;Plywood;c01;    
170;Peru;c07;Plywood;c01;    
171;Philippines;c07;Plywood;c01;    
173;Poland;c07;Plywood;c01;3
174;Portugal;c07;Plywood;c01;    
175;Guinea-Bissau;c07;Plywood;c01;    
176;Timor-Leste;c07;Plywood;c01;    
178;Eritrea;c07;Plywood;c01;    
179;Qatar;c07;Plywood;c01;    
181;Zimbabwe;c07;Plywood;c01;    
182;Reunion;c07;Plywood;c01;    
183;Romania;c07;Plywood;c01;    
184;Rwanda;c07;Plywood;c01;    
185;Russian Federation;c07;Plywood;c01;    
186;Serbia and Montenegro;c07;Plywood;c01;    
189;Saint Lucia;c07;Plywood;c01;    
190;Saint Pierre and Miquelon;c07;Plywood;c01;    
191;Saint Vincent and the Grenadines;c07;Plywood;c01;    
193;Sao Tome and Principe;c07;Plywood;c01;    
194;Saudi Arabia;c07;Plywood;c01;    
195;Senegal;c07;Plywood;c01;    
196;Seychelles;c07;Plywood;c01;    
197;Sierra Leone;c07;Plywood;c01;    
198;Slovenia;c07;Plywood;c01;    
199;Slovakia;c07;Plywood;c01;    
200;Singapore;c07;Plywood;c01;    
201;Somalia;c07;Plywood;c01;    
202;South Africa;c07;Plywood;c01;4
203;Spain;c07;Plywood;c01;    
207;Suriname;c07;Plywood;c01;    
208;Tajikistan;c07;Plywood;c01;    
209;Eswatini;c07;Plywood;c01;    
210;Sweden;c07;Plywood;c01;    
211;Switzerland;c07;Plywood;c01;    
212;Syrian Arab Republic;c07;Plywood;c01;    
213;Turkmenistan;c07;Plywood;c01;    
214;China, Taiwan Province of;c07;Plywood;c01;    
215;United Republic of Tanzania;c07;Plywood;c01;    
216;Thailand;c07;Plywood;c01;    
217;Togo;c07;Plywood;c01;    
219;Tonga;c07;Plywood;c01;    
220;Trinidad and Tobago;c07;Plywood;c01;    
221;Oman;c07;Plywood;c01;    
222;Tunisia;c07;Plywood;c01;    
223;Turkey;c07;Plywood;c01;    
224;Turks and Caicos Islands;c07;Plywood;c01;    
225;United Arab Emirates;c07;Plywood;c01;    
226;Uganda;c07;Plywood;c01;    
229;United Kingdom;c07;Plywood;c01;    
230;Ukraine;c07;Plywood;c01;    
231;United States of America;c07;Plywood;c01;3
233;Burkina Faso;c07;Plywood;c01;    
234;Uruguay;c07;Plywood;c01;    
235;Uzbekistan;c07;Plywood;c01;    
236;Venezuela (Bolivarian Republic of);c07;Plywood;c01;    
237;Viet Nam;c07;Plywood;c01;    
238;Ethiopia;c07;Plywood;c01;    
239;British Virgin Islands;c07;Plywood;c01;    
244;Samoa;c07;Plywood;c01;    
249;Yemen;c07;Plywood;c01;    
250;Democratic Republic of the Congo;c07;Plywood;c01;    
251;Zambia;c07;Plywood;c01;    
255;Belgium;c07;Plywood;c01;    
256;Luxembourg;c07;Plywood;c01;    
270;Mayotte;c07;Plywood;c01;    
272;Serbia;c07;Plywood;c01;    
273;Montenegro;c07;Plywood;c01;    
276;Sudan;c07;Plywood;c01;    
277;South Sudan;c07;Plywood;c01;    
5;American Samoa;c07;Plywood;c01;    
8;Antigua and Barbuda;c07;Plywood;c01;    
17;Bermuda;c07;Plywood;c01;    
24;British Indian Ocean Territory;c07;Plywood;c01;    
36;Cayman Islands;c07;Plywood;c01;    
43;Cocos (Keeling) Islands;c07;Plywood;c01;    
71;French Southern and Antarctic Territories;c07;Plywood;c01;    
85;Greenland;c07;Plywood;c01;    
86;Grenada;c07;Plywood;c01;    
88;Guam;c07;Plywood;c01;    
94;Holy See;c07;Plywood;c01;    
127;Marshall Islands;c07;Plywood;c01;    
142;Montserrat;c07;Plywood;c01;    
148;Nauru;c07;Plywood;c01;    
163;Northern Mariana Islands;c07;Plywood;c01;    
164;Pacific Islands Trust Territory;c07;Plywood;c01;    
172;Pitcairn Islands;c07;Plywood;c01;    
180;Palau;c07;Plywood;c01;    
187;Saint Helena, Ascension and Tristan da Cunha;c07;Plywood;c01;    
188;Saint Kitts and Nevis;c07;Plywood;c01;    
192;San Marino;c07;Plywood;c01;    
205;Western Sahara;c07;Plywood;c01;    
218;Tokelau;c07;Plywood;c01;    
227;Tuvalu;c07;Plywood;c01;    
228;USSR;c07;Plywood;c01;    
242;Wake Island;c07;Plywood;c01;    
243;Wallis and Futuna Islands;c07;Plywood;c01;    
248;Yugoslav SFR;c07;Plywood;c01;    
258;Anguilla;c07;Plywood;c01;    
279;Curaçao;c07;Plywood;c01;    
281;Saint-Martin (French Part);c07;Plywood;c01;    
299;Palestine;c07;Plywood;c01;    
252;Unspecified Area;c07;Plywood;c01;    
254;Others (adjustment);c07;Plywood;c01;    
999;RoW;c07;Plywood;c01;
;ASI;c07;Plywood;c01;5
;EUR;c07;Plywood;c01;5
;AFR;c07;Plywood;c01;4
;LAM;c07;Plywood;c01;9
;OCE;c07;Plywood;c01;    
;NAM;c07;Plywood;c01;4
1;Armenia;c07;Plywood;c02;    
2;Afghanistan;c07;Plywood;c02;    
3;Albania;c07;Plywood;c02;    
4;Algeria;c07;Plywood;c02;    
6;Andorra;c07;Plywood;c02;    
7;Angola;c07;Plywood;c02;    
9;Argentina;c07;Plywood;c02;    
10;Australia;c07;Plywood;c02;    
11;Austria;c07;Plywood;c02;    
12;Bahamas;c07;Plywood;c02;    
13;Bahrain;c07;Plywood;c02;    
14;Barbados;c07;Plywood;c02;    
15;Belgium-Luxembourg;c07;Plywood;c02;    
16;Bangladesh;c07;Plywood;c02;    
18;Bhutan;c07;Plywood;c02;    
19;Bolivia (Plurinational State of);c07;Plywood;c02;    
20;Botswana;c07;Plywood;c02;    
21;Brazil;c07;Plywood;c02;    
22;Aruba;c07;Plywood;c02;    
23;Belize;c07;Plywood;c02;    
25;Solomon Islands;c07;Plywood;c02;    
26;Brunei Darussalam;c07;Plywood;c02;    
27;Bulgaria;c07;Plywood;c02;    
28;Myanmar;c07;Plywood;c02;    
29;Burundi;c07;Plywood;c02;    
32;Cameroon;c07;Plywood;c02;    
33;Canada;c07;Plywood;c02;5
35;Cabo Verde;c07;Plywood;c02;    
37;Central African Republic;c07;Plywood;c02;    
38;Sri Lanka;c07;Plywood;c02;    
39;Chad;c07;Plywood;c02;    
40;Chile;c07;Plywood;c02;    
41;China, mainland;c07;Plywood;c02;2
42;Christmas Island;c07;Plywood;c02;    
44;Colombia;c07;Plywood;c02;    
45;Comoros;c07;Plywood;c02;    
46;Congo;c07;Plywood;c02;    
47;Cook Islands;c07;Plywood;c02;    
48;Costa Rica;c07;Plywood;c02;    
49;Cuba;c07;Plywood;c02;    
50;Cyprus;c07;Plywood;c02;    
51;Czechoslovakia;c07;Plywood;c02;    
52;Azerbaijan;c07;Plywood;c02;    
53;Benin;c07;Plywood;c02;    
54;Denmark;c07;Plywood;c02;    
55;Dominica;c07;Plywood;c02;    
56;Dominican Republic;c07;Plywood;c02;    
57;Belarus;c07;Plywood;c02;    
58;Ecuador;c07;Plywood;c02;    
59;Egypt;c07;Plywood;c02;    
60;El Salvador;c07;Plywood;c02;    
61;Equatorial Guinea;c07;Plywood;c02;    
63;Estonia;c07;Plywood;c02;    
64;Faroe Islands;c07;Plywood;c02;    
65;Falkland Islands (Malvinas);c07;Plywood;c02;    
66;Fiji;c07;Plywood;c02;    
67;Finland;c07;Plywood;c02;9
68;France;c07;Plywood;c02;    
69;French Guyana;c07;Plywood;c02;    
70;French Polynesia;c07;Plywood;c02;    
72;Djibouti;c07;Plywood;c02;    
73;Georgia;c07;Plywood;c02;    
74;Gabon;c07;Plywood;c02;    
75;Gambia;c07;Plywood;c02;    
79;Germany;c07;Plywood;c02;    
80;Bosnia and Herzegovina;c07;Plywood;c02;    
81;Ghana;c07;Plywood;c02;    
82;Gibraltar;c07;Plywood;c02;    
83;Kiribati;c07;Plywood;c02;    
84;Greece;c07;Plywood;c02;    
87;Guadeloupe;c07;Plywood;c02;    
89;Guatemala;c07;Plywood;c02;    
90;Guinea;c07;Plywood;c02;    
91;Guyana;c07;Plywood;c02;    
93;Haiti;c07;Plywood;c02;    
95;Honduras;c07;Plywood;c02;    
96;China, Hong Kong SAR;c07;Plywood;c02;    
97;Hungary;c07;Plywood;c02;    
98;Croatia;c07;Plywood;c02;    
99;Iceland;c07;Plywood;c02;    
100;India;c07;Plywood;c02;    
101;Indonesia;c07;Plywood;c02;    
102;Iran (Islamic Republic of);c07;Plywood;c02;    
103;Iraq;c07;Plywood;c02;    
104;Ireland;c07;Plywood;c02;    
105;Israel;c07;Plywood;c02;    
106;Italy;c07;Plywood;c02;    
107;Cote d'Ivoire;c07;Plywood;c02;    
108;Kazakhstan;c07;Plywood;c02;    
109;Jamaica;c07;Plywood;c02;    
110;Japan;c07;Plywood;c02;    
112;Jordan;c07;Plywood;c02;    
113;Kyrgyzstan;c07;Plywood;c02;    
114;Kenya;c07;Plywood;c02;    
115;Cambodia;c07;Plywood;c02;    
116;Democratic People's Republic of Korea;c07;Plywood;c02;    
117;Republic of Korea;c07;Plywood;c02;    
118;Kuwait;c07;Plywood;c02;    
119;Latvia;c07;Plywood;c02;    
120;Lao People's Democratic Republic;c07;Plywood;c02;    
121;Lebanon;c07;Plywood;c02;    
122;Lesotho;c07;Plywood;c02;    
123;Liberia;c07;Plywood;c02;    
124;Libya;c07;Plywood;c02;    
125;Liechtenstein;c07;Plywood;c02;    
126;Lithuania;c07;Plywood;c02;6
128;China, Macao SAR;c07;Plywood;c02;    
129;Madagascar;c07;Plywood;c02;    
130;Malawi;c07;Plywood;c02;    
131;Malaysia;c07;Plywood;c02;8
132;Maldives;c07;Plywood;c02;    
133;Mali;c07;Plywood;c02;    
134;Malta;c07;Plywood;c02;    
135;Martinique;c07;Plywood;c02;    
136;Mauritania;c07;Plywood;c02;    
137;Mauritius;c07;Plywood;c02;    
138;Mexico;c07;Plywood;c02;10
141;Mongolia;c07;Plywood;c02;    
143;Morocco;c07;Plywood;c02;    
144;Mozambique;c07;Plywood;c02;    
145;Micronesia (Federated States of);c07;Plywood;c02;    
146;Republic of Moldova;c07;Plywood;c02;    
147;Namibia;c07;Plywood;c02;    
149;Nepal;c07;Plywood;c02;    
150;Netherlands;c07;Plywood;c02;2
151;Netherlands Antilles;c07;Plywood;c02;    
153;New Caledonia;c07;Plywood;c02;    
154;North Macedonia;c07;Plywood;c02;    
155;Vanuatu;c07;Plywood;c02;    
156;New Zealand;c07;Plywood;c02;    
157;Nicaragua;c07;Plywood;c02;    
158;Niger;c07;Plywood;c02;    
159;Nigeria;c07;Plywood;c02;    
160;Niue;c07;Plywood;c02;    
161;Norfolk Island;c07;Plywood;c02;    
162;Norway;c07;Plywood;c02;    
165;Pakistan;c07;Plywood;c02;    
166;Panama;c07;Plywood;c02;    
167;Czechia;c07;Plywood;c02;    
168;Papua New Guinea;c07;Plywood;c02;    
169;Paraguay;c07;Plywood;c02;    
170;Peru;c07;Plywood;c02;    
171;Philippines;c07;Plywood;c02;    
173;Poland;c07;Plywood;c02;    
174;Portugal;c07;Plywood;c02;    
175;Guinea-Bissau;c07;Plywood;c02;    
176;Timor-Leste;c07;Plywood;c02;    
178;Eritrea;c07;Plywood;c02;    
179;Qatar;c07;Plywood;c02;    
181;Zimbabwe;c07;Plywood;c02;    
182;Reunion;c07;Plywood;c02;    
183;Romania;c07;Plywood;c02;    
184;Rwanda;c07;Plywood;c02;    
185;Russian Federation;c07;Plywood;c02;14
186;Serbia and Montenegro;c07;Plywood;c02;    
189;Saint Lucia;c07;Plywood;c02;    
190;Saint Pierre and Miquelon;c07;Plywood;c02;    
191;Saint Vincent and the Grenadines;c07;Plywood;c02;    
193;Sao Tome and Principe;c07;Plywood;c02;    
194;Saudi Arabia;c07;Plywood;c02;    
195;Senegal;c07;Plywood;c02;    
196;Seychelles;c07;Plywood;c02;    
197;Sierra Leone;c07;Plywood;c02;    
198;Slovenia;c07;Plywood;c02;8
199;Slovakia;c07;Plywood;c02;    
200;Singapore;c07;Plywood;c02;    
201;Somalia;c07;Plywood;c02;    
202;South Africa;c07;Plywood;c02;    
203;Spain;c07;Plywood;c02;    
207;Suriname;c07;Plywood;c02;    
208;Tajikistan;c07;Plywood;c02;    
209;Eswatini;c07;Plywood;c02;    
210;Sweden;c07;Plywood;c02;    
211;Switzerland;c07;Plywood;c02;    
212;Syrian Arab Republic;c07;Plywood;c02;    
213;Turkmenistan;c07;Plywood;c02;    
214;China, Taiwan Province of;c07;Plywood;c02;    
215;United Republic of Tanzania;c07;Plywood;c02;    
216;Thailand;c07;Plywood;c02;    
217;Togo;c07;Plywood;c02;    
219;Tonga;c07;Plywood;c02;    
220;Trinidad and Tobago;c07;Plywood;c02;    
221;Oman;c07;Plywood;c02;    
222;Tunisia;c07;Plywood;c02;    
223;Turkey;c07;Plywood;c02;    
224;Turks and Caicos Islands;c07;Plywood;c02;    
225;United Arab Emirates;c07;Plywood;c02;    
226;Uganda;c07;Plywood;c02;    
229;United Kingdom;c07;Plywood;c02;    
230;Ukraine;c07;Plywood;c02;    
231;United States of America;c07;Plywood;c02;3
233;Burkina Faso;c07;Plywood;c02;    
234;Uruguay;c07;Plywood;c02;    
235;Uzbekistan;c07;Plywood;c02;    
236;Venezuela (Bolivarian Republic of);c07;Plywood;c02;    
237;Viet Nam;c07;Plywood;c02;    
238;Ethiopia;c07;Plywood;c02;    
239;British Virgin Islands;c07;Plywood;c02;    
244;Samoa;c07;Plywood;c02;    
249;Yemen;c07;Plywood;c02;    
250;Democratic Republic of the Congo;c07;Plywood;c02;    
251;Zambia;c07;Plywood;c02;    
255;Belgium;c07;Plywood;c02;    
256;Luxembourg;c07;Plywood;c02;    
270;Mayotte;c07;Plywood;c02;    
272;Serbia;c07;Plywood;c02;    
273;Montenegro;c07;Plywood;c02;    
276;Sudan;c07;Plywood;c02;    
277;South Sudan;c07;Plywood;c02;    
5;American Samoa;c07;Plywood;c02;    
8;Antigua and Barbuda;c07;Plywood;c02;    
17;Bermuda;c07;Plywood;c02;    
24;British Indian Ocean Territory;c07;Plywood;c02;    
36;Cayman Islands;c07;Plywood;c02;    
43;Cocos (Keeling) Islands;c07;Plywood;c02;    
71;French Southern and Antarctic Territories;c07;Plywood;c02;    
85;Greenland;c07;Plywood;c02;    
86;Grenada;c07;Plywood;c02;    
88;Guam;c07;Plywood;c02;    
94;Holy See;c07;Plywood;c02;    
127;Marshall Islands;c07;Plywood;c02;    
142;Montserrat;c07;Plywood;c02;    
148;Nauru;c07;Plywood;c02;    
163;Northern Mariana Islands;c07;Plywood;c02;    
164;Pacific Islands Trust Territory;c07;Plywood;c02;    
172;Pitcairn Islands;c07;Plywood;c02;    
180;Palau;c07;Plywood;c02;    
187;Saint Helena, Ascension and Tristan da Cunha;c07;Plywood;c02;    
188;Saint Kitts and Nevis;c07;Plywood;c02;    
192;San Marino;c07;Plywood;c02;    
205;Western Sahara;c07;Plywood;c02;    
218;Tokelau;c07;Plywood;c02;    
227;Tuvalu;c07;Plywood;c02;    
228;USSR;c07;Plywood;c02;    
242;Wake Island;c07;Plywood;c02;    
243;Wallis and Futuna Islands;c07;Plywood;c02;    
248;Yugoslav SFR;c07;Plywood;c02;    
258;Anguilla;c07;Plywood;c02;    
279;Curaçao;c07;Plywood;c02;    
281;Saint-Martin (French Part);c07;Plywood;c02;    
299;Palestine;c07;Plywood;c02;    
252;Unspecified Area;c07;Plywood;c02;    
254;Others (adjustment);c07;Plywood;c02;    
999;RoW;c07;Plywood;c02;
;ASI;c07;Plywood;c02;2
;EUR;c07;Plywood;c02;8
;AFR;c07;Plywood;c02;    
;LAM;c07;Plywood;c02;10
;OCE;c07;Plywood;c02;    
;NAM;c07;Plywood;c02;4