area_code;area;com_code;item;subcom_code;subitem;binders_fillers;bark;moisture;wood;recycled_fibre;literature_wood;literature_recycledfibre
1;Armenia;c08;Fibreboard;c08_1;Fibreboard, hard;NA;NA;NA;NA;0;NA;NA
2;Afghanistan;c08;Fibreboard;c08_1;Fibreboard, hard;NA;NA;NA;NA;0;NA;NA
3;Albania;c08;Fibreboard;c08_1;Fibreboard, hard;NA;NA;NA;NA;0;NA;NA
4;Algeria;c08;Fibreboard;c08_1;Fibreboard, hard;NA;NA;NA;NA;0;NA;NA
6;Andorra;c08;Fibreboard;c08_1;Fibreboard, hard;NA;NA;NA;NA;0;NA;NA
7;Angola;c08;Fibreboard;c08_1;Fibreboard, hard;NA;NA;NA;NA;0;NA;NA
9;Argentina;c08;Fibreboard;c08_1;Fibreboard, hard;NA;NA;NA;NA;0;NA;NA
10;Australia;c08;Fibreboard;c08_1;Fibreboard, hard;NA;NA;NA;NA;0;NA;NA
11;Austria;c08;Fibreboard;c08_1;Fibreboard, hard;NA;NA;NA;NA;0;NA;NA
12;Bahamas;c08;Fibreboard;c08_1;Fibreboard, hard;NA;NA;NA;NA;0;NA;NA
13;Bahrain;c08;Fibreboard;c08_1;Fibreboard, hard;NA;NA;NA;NA;0;NA;NA
14;Barbados;c08;Fibreboard;c08_1;Fibreboard, hard;NA;NA;NA;NA;0;NA;NA
15;Belgium-Luxembourg;c08;Fibreboard;c08_1;Fibreboard, hard;NA;NA;NA;NA;0;NA;NA
16;Bangladesh;c08;Fibreboard;c08_1;Fibreboard, hard;NA;NA;NA;NA;0;NA;NA
18;Bhutan;c08;Fibreboard;c08_1;Fibreboard, hard;NA;NA;NA;NA;0;NA;NA
19;Bolivia (Plurinational State of);c08;Fibreboard;c08_1;Fibreboard, hard;NA;NA;NA;NA;0;NA;NA
20;Botswana;c08;Fibreboard;c08_1;Fibreboard, hard;NA;NA;NA;NA;0;NA;NA
21;Brazil;c08;Fibreboard;c08_1;Fibreboard, hard;NA;NA;NA;NA;0;NA;NA
22;Aruba;c08;Fibreboard;c08_1;Fibreboard, hard;NA;NA;NA;NA;0;NA;NA
23;Belize;c08;Fibreboard;c08_1;Fibreboard, hard;NA;NA;NA;NA;0;NA;NA
25;Solomon Islands;c08;Fibreboard;c08_1;Fibreboard, hard;NA;NA;NA;NA;0;NA;NA
26;Brunei Darussalam;c08;Fibreboard;c08_1;Fibreboard, hard;NA;NA;NA;NA;0;NA;NA
27;Bulgaria;c08;Fibreboard;c08_1;Fibreboard, hard;NA;NA;NA;NA;0;NA;NA
28;Myanmar;c08;Fibreboard;c08_1;Fibreboard, hard;NA;NA;NA;NA;0;NA;NA
29;Burundi;c08;Fibreboard;c08_1;Fibreboard, hard;NA;NA;NA;NA;0;NA;NA
32;Cameroon;c08;Fibreboard;c08_1;Fibreboard, hard;NA;NA;NA;NA;0;NA;NA
33;Canada;c08;Fibreboard;c08_1;Fibreboard, hard;NA;NA;NA;NA;0;NA;NA
35;Cabo Verde;c08;Fibreboard;c08_1;Fibreboard, hard;NA;NA;NA;NA;0;NA;NA
37;Central African Republic;c08;Fibreboard;c08_1;Fibreboard, hard;NA;NA;NA;NA;0;NA;NA
38;Sri Lanka;c08;Fibreboard;c08_1;Fibreboard, hard;NA;NA;NA;NA;0;NA;NA
39;Chad;c08;Fibreboard;c08_1;Fibreboard, hard;NA;NA;NA;NA;0;NA;NA
40;Chile;c08;Fibreboard;c08_1;Fibreboard, hard;NA;NA;7;NA;0;FAO, ITTO and United Nations (2020);NA
41;China, mainland;c08;Fibreboard;c08_1;Fibreboard, hard;7;8;5;80;0;FAO, ITTO and United Nations (2020);NA
42;Christmas Island;c08;Fibreboard;c08_1;Fibreboard, hard;NA;NA;NA;NA;0;NA;NA
44;Colombia;c08;Fibreboard;c08_1;Fibreboard, hard;NA;NA;NA;NA;0;NA;NA
45;Comoros;c08;Fibreboard;c08_1;Fibreboard, hard;NA;NA;NA;NA;0;NA;NA
46;Congo;c08;Fibreboard;c08_1;Fibreboard, hard;NA;NA;NA;NA;0;NA;NA
47;Cook Islands;c08;Fibreboard;c08_1;Fibreboard, hard;NA;NA;NA;NA;0;NA;NA
48;Costa Rica;c08;Fibreboard;c08_1;Fibreboard, hard;NA;NA;NA;NA;0;NA;NA
49;Cuba;c08;Fibreboard;c08_1;Fibreboard, hard;NA;NA;NA;NA;0;NA;NA
50;Cyprus;c08;Fibreboard;c08_1;Fibreboard, hard;NA;NA;NA;NA;0;NA;NA
51;Czechoslovakia;c08;Fibreboard;c08_1;Fibreboard, hard;NA;NA;NA;NA;0;NA;NA
52;Azerbaijan;c08;Fibreboard;c08_1;Fibreboard, hard;NA;NA;NA;NA;0;NA;NA
53;Benin;c08;Fibreboard;c08_1;Fibreboard, hard;NA;NA;NA;NA;0;NA;NA
54;Denmark;c08;Fibreboard;c08_1;Fibreboard, hard;NA;NA;NA;NA;0;NA;NA
55;Dominica;c08;Fibreboard;c08_1;Fibreboard, hard;NA;NA;NA;NA;0;NA;NA
56;Dominican Republic;c08;Fibreboard;c08_1;Fibreboard, hard;NA;NA;NA;NA;0;NA;NA
57;Belarus;c08;Fibreboard;c08_1;Fibreboard, hard;NA;NA;NA;NA;0;NA;NA
58;Ecuador;c08;Fibreboard;c08_1;Fibreboard, hard;NA;NA;NA;NA;0;NA;NA
59;Egypt;c08;Fibreboard;c08_1;Fibreboard, hard;NA;NA;NA;NA;0;NA;NA
60;El Salvador;c08;Fibreboard;c08_1;Fibreboard, hard;NA;NA;NA;NA;0;NA;NA
61;Equatorial Guinea;c08;Fibreboard;c08_1;Fibreboard, hard;NA;NA;NA;NA;0;NA;NA
63;Faroe Islands;c08;Fibreboard;c08_1;Fibreboard, hard;NA;NA;NA;NA;0;NA;NA
64;Falkland Islands (Malvinas);c08;Fibreboard;c08_1;Fibreboard, hard;NA;NA;NA;NA;0;NA;NA
65;Fiji;c08;Fibreboard;c08_1;Fibreboard, hard;NA;NA;NA;NA;0;NA;NA
66;Finland;c08;Fibreboard;c08_1;Fibreboard, hard;NA;NA;NA;NA;0;NA;NA
67;France;c08;Fibreboard;c08_1;Fibreboard, hard;0;3;6;91;0;FAO, ITTO and United Nations (2020);NA
68;French Guyana;c08;Fibreboard;c08_1;Fibreboard, hard;NA;NA;NA;NA;0;NA;NA
69;French Polynesia;c08;Fibreboard;c08_1;Fibreboard, hard;NA;NA;NA;NA;0;NA;NA
70;Djibouti;c08;Fibreboard;c08_1;Fibreboard, hard;NA;NA;NA;NA;0;NA;NA
72;Georgia;c08;Fibreboard;c08_1;Fibreboard, hard;NA;NA;NA;NA;0;NA;NA
73;Gabon;c08;Fibreboard;c08_1;Fibreboard, hard;NA;NA;NA;NA;0;NA;NA
74;Gambia;c08;Fibreboard;c08_1;Fibreboard, hard;NA;NA;NA;NA;0;NA;NA
75;Germany;c08;Fibreboard;c08_1;Fibreboard, hard;NA;NA;NA;NA;0;NA;NA
79;Bosnia and Herzegovina;c08;Fibreboard;c08_1;Fibreboard, hard;NA;NA;NA;NA;0;NA;NA
80;Ghana;c08;Fibreboard;c08_1;Fibreboard, hard;NA;NA;NA;NA;0;NA;NA
81;Gibraltar;c08;Fibreboard;c08_1;Fibreboard, hard;NA;NA;NA;NA;0;NA;NA
82;Kiribati;c08;Fibreboard;c08_1;Fibreboard, hard;NA;NA;NA;NA;0;NA;NA
83;Greece;c08;Fibreboard;c08_1;Fibreboard, hard;NA;NA;NA;NA;0;NA;NA
84;Guadeloupe;c08;Fibreboard;c08_1;Fibreboard, hard;NA;NA;NA;NA;0;NA;NA
87;Guatemala;c08;Fibreboard;c08_1;Fibreboard, hard;NA;NA;NA;NA;0;NA;NA
89;Guinea;c08;Fibreboard;c08_1;Fibreboard, hard;NA;NA;NA;NA;0;NA;NA
90;Guyana;c08;Fibreboard;c08_1;Fibreboard, hard;NA;NA;NA;NA;0;NA;NA
91;Haiti;c08;Fibreboard;c08_1;Fibreboard, hard;NA;NA;NA;NA;0;NA;NA
93;Honduras;c08;Fibreboard;c08_1;Fibreboard, hard;NA;NA;NA;NA;0;NA;NA
95;China, Hong Kong SAR;c08;Fibreboard;c08_1;Fibreboard, hard;NA;NA;NA;NA;0;NA;NA
96;Hungary;c08;Fibreboard;c08_1;Fibreboard, hard;NA;NA;NA;NA;0;NA;NA
97;Croatia;c08;Fibreboard;c08_1;Fibreboard, hard;NA;NA;NA;NA;0;NA;NA
98;Iceland;c08;Fibreboard;c08_1;Fibreboard, hard;NA;NA;NA;NA;0;NA;NA
99;India;c08;Fibreboard;c08_1;Fibreboard, hard;NA;NA;NA;NA;0;NA;NA
100;Indonesia;c08;Fibreboard;c08_1;Fibreboard, hard;9;0;7;85;0;FAO, ITTO and United Nations (2020);NA
101;Iran (Islamic Republic of);c08;Fibreboard;c08_1;Fibreboard, hard;NA;NA;NA;NA;0;NA;NA
102;Iraq;c08;Fibreboard;c08_1;Fibreboard, hard;NA;NA;NA;NA;0;NA;NA
103;Ireland;c08;Fibreboard;c08_1;Fibreboard, hard;9;0;6;85;0;FAO, ITTO and United Nations (2020);NA
104;Israel;c08;Fibreboard;c08_1;Fibreboard, hard;NA;NA;NA;NA;0;NA;NA
105;Italy;c08;Fibreboard;c08_1;Fibreboard, hard;NA;NA;NA;NA;0;NA;NA
106;Cote d'Ivoire;c08;Fibreboard;c08_1;Fibreboard, hard;NA;NA;NA;NA;0;NA;NA
107;Kazakhstan;c08;Fibreboard;c08_1;Fibreboard, hard;NA;NA;NA;NA;0;NA;NA
108;Jamaica;c08;Fibreboard;c08_1;Fibreboard, hard;NA;NA;NA;NA;0;NA;NA
109;Japan;c08;Fibreboard;c08_1;Fibreboard, hard;NA;NA;NA;NA;0;NA;NA
110;Jordan;c08;Fibreboard;c08_1;Fibreboard, hard;NA;NA;NA;NA;0;NA;NA
112;Kyrgyzstan;c08;Fibreboard;c08_1;Fibreboard, hard;NA;NA;NA;NA;0;NA;NA
113;Kenya;c08;Fibreboard;c08_1;Fibreboard, hard;NA;NA;NA;NA;0;NA;NA
114;Cambodia;c08;Fibreboard;c08_1;Fibreboard, hard;NA;NA;NA;NA;0;NA;NA
115;Democratic People's Republic of Korea;c08;Fibreboard;c08_1;Fibreboard, hard;NA;NA;NA;NA;0;NA;NA
116;Republic of Korea;c08;Fibreboard;c08_1;Fibreboard, hard;NA;NA;NA;NA;0;NA;NA
117;Kuwait;c08;Fibreboard;c08_1;Fibreboard, hard;NA;NA;NA;NA;0;NA;NA
118;Latvia;c08;Fibreboard;c08_1;Fibreboard, hard;NA;NA;NA;NA;0;NA;NA
119;Lao People's Democratic Republic;c08;Fibreboard;c08_1;Fibreboard, hard;NA;NA;NA;NA;0;NA;NA
120;Lebanon;c08;Fibreboard;c08_1;Fibreboard, hard;NA;NA;NA;NA;0;NA;NA
121;Lesotho;c08;Fibreboard;c08_1;Fibreboard, hard;NA;NA;NA;NA;0;NA;NA
122;Liberia;c08;Fibreboard;c08_1;Fibreboard, hard;NA;NA;NA;NA;0;NA;NA
123;Libya;c08;Fibreboard;c08_1;Fibreboard, hard;NA;NA;NA;NA;0;NA;NA
124;Liechtenstein;c08;Fibreboard;c08_1;Fibreboard, hard;NA;NA;NA;NA;0;NA;NA
125;Lithuania;c08;Fibreboard;c08_1;Fibreboard, hard;NA;NA;NA;NA;0;NA;NA
126;China, Macao SAR;c08;Fibreboard;c08_1;Fibreboard, hard;NA;NA;NA;NA;0;NA;NA
128;Madagascar;c08;Fibreboard;c08_1;Fibreboard, hard;NA;NA;NA;NA;0;NA;NA
129;Malawi;c08;Fibreboard;c08_1;Fibreboard, hard;NA;NA;NA;NA;0;NA;NA
130;Malaysia;c08;Fibreboard;c08_1;Fibreboard, hard;NA;NA;NA;NA;0;NA;NA
131;Maldives;c08;Fibreboard;c08_1;Fibreboard, hard;NA;NA;NA;NA;0;NA;NA
132;Mali;c08;Fibreboard;c08_1;Fibreboard, hard;NA;NA;NA;NA;0;NA;NA
133;Malta;c08;Fibreboard;c08_1;Fibreboard, hard;NA;NA;NA;NA;0;NA;NA
134;Martinique;c08;Fibreboard;c08_1;Fibreboard, hard;NA;NA;NA;NA;0;NA;NA
135;Mauritania;c08;Fibreboard;c08_1;Fibreboard, hard;NA;NA;NA;NA;0;NA;NA
136;Mauritius;c08;Fibreboard;c08_1;Fibreboard, hard;NA;NA;NA;NA;0;NA;NA
137;Mexico;c08;Fibreboard;c08_1;Fibreboard, hard;NA;NA;NA;NA;0;NA;NA
138;Mongolia;c08;Fibreboard;c08_1;Fibreboard, hard;NA;NA;NA;NA;0;NA;NA
141;Morocco;c08;Fibreboard;c08_1;Fibreboard, hard;NA;NA;NA;NA;0;NA;NA
143;Mozambique;c08;Fibreboard;c08_1;Fibreboard, hard;NA;NA;NA;NA;0;NA;NA
144;Micronesia (Federated States of);c08;Fibreboard;c08_1;Fibreboard, hard;NA;NA;NA;NA;0;NA;NA
145;Republic of Moldova;c08;Fibreboard;c08_1;Fibreboard, hard;NA;NA;NA;NA;0;NA;NA
146;Namibia;c08;Fibreboard;c08_1;Fibreboard, hard;NA;NA;NA;NA;0;NA;NA
147;Nepal;c08;Fibreboard;c08_1;Fibreboard, hard;NA;NA;NA;NA;0;NA;NA
149;Netherlands;c08;Fibreboard;c08_1;Fibreboard, hard;NA;NA;NA;NA;0;NA;NA
150;Netherlands Antilles;c08;Fibreboard;c08_1;Fibreboard, hard;NA;NA;NA;NA;0;NA;NA
151;New Caledonia;c08;Fibreboard;c08_1;Fibreboard, hard;NA;NA;NA;NA;0;NA;NA
153;North Macedonia;c08;Fibreboard;c08_1;Fibreboard, hard;NA;NA;NA;NA;0;NA;NA
154;Vanuatu;c08;Fibreboard;c08_1;Fibreboard, hard;NA;NA;NA;NA;0;NA;NA
155;New Zealand;c08;Fibreboard;c08_1;Fibreboard, hard;NA;NA;NA;NA;0;NA;NA
156;Nicaragua;c08;Fibreboard;c08_1;Fibreboard, hard;NA;NA;NA;NA;0;NA;NA
157;Niger;c08;Fibreboard;c08_1;Fibreboard, hard;NA;NA;NA;NA;0;NA;NA
158;Nigeria;c08;Fibreboard;c08_1;Fibreboard, hard;NA;NA;NA;NA;0;NA;NA
159;Niue;c08;Fibreboard;c08_1;Fibreboard, hard;NA;NA;NA;NA;0;NA;NA
160;Norfolk Island;c08;Fibreboard;c08_1;Fibreboard, hard;NA;NA;NA;NA;0;NA;NA
161;Norway;c08;Fibreboard;c08_1;Fibreboard, hard;NA;NA;NA;NA;0;NA;NA
162;Pakistan;c08;Fibreboard;c08_1;Fibreboard, hard;NA;NA;NA;NA;0;NA;NA
165;Panama;c08;Fibreboard;c08_1;Fibreboard, hard;NA;NA;NA;NA;0;NA;NA
166;Czechia;c08;Fibreboard;c08_1;Fibreboard, hard;NA;NA;NA;NA;0;NA;NA
167;Papua New Guinea;c08;Fibreboard;c08_1;Fibreboard, hard;NA;NA;NA;NA;0;NA;NA
168;Paraguay;c08;Fibreboard;c08_1;Fibreboard, hard;NA;NA;NA;NA;0;NA;NA
169;Peru;c08;Fibreboard;c08_1;Fibreboard, hard;NA;NA;NA;NA;0;NA;NA
170;Philippines;c08;Fibreboard;c08_1;Fibreboard, hard;NA;NA;NA;NA;0;NA;NA
171;Poland;c08;Fibreboard;c08_1;Fibreboard, hard;8;NA;5;87;0;FAO, ITTO and United Nations (2020);NA
173;Portugal;c08;Fibreboard;c08_1;Fibreboard, hard;NA;NA;NA;NA;0;NA;NA
174;Guinea-Bissau;c08;Fibreboard;c08_1;Fibreboard, hard;NA;NA;NA;NA;0;NA;NA
175;Timor-Leste;c08;Fibreboard;c08_1;Fibreboard, hard;NA;NA;NA;NA;0;NA;NA
176;Eritrea;c08;Fibreboard;c08_1;Fibreboard, hard;NA;NA;NA;NA;0;NA;NA
178;Qatar;c08;Fibreboard;c08_1;Fibreboard, hard;NA;NA;NA;NA;0;NA;NA
179;Zimbabwe;c08;Fibreboard;c08_1;Fibreboard, hard;NA;NA;NA;NA;0;NA;NA
181;Reunion;c08;Fibreboard;c08_1;Fibreboard, hard;NA;NA;NA;NA;0;NA;NA
182;Romania;c08;Fibreboard;c08_1;Fibreboard, hard;NA;NA;NA;NA;0;NA;NA
183;Rwanda;c08;Fibreboard;c08_1;Fibreboard, hard;NA;NA;NA;NA;0;NA;NA
184;Russian Federation;c08;Fibreboard;c08_1;Fibreboard, hard;NA;NA;NA;NA;0;NA;NA
185;Serbia and Montenegro;c08;Fibreboard;c08_1;Fibreboard, hard;NA;NA;NA;NA;0;NA;NA
186;Saint Lucia;c08;Fibreboard;c08_1;Fibreboard, hard;NA;NA;NA;NA;0;NA;NA
189;Saint Pierre and Miquelon;c08;Fibreboard;c08_1;Fibreboard, hard;NA;NA;NA;NA;0;NA;NA
190;Saint Vincent and the Grenadines;c08;Fibreboard;c08_1;Fibreboard, hard;NA;NA;NA;NA;0;NA;NA
191;Sao Tome and Principe;c08;Fibreboard;c08_1;Fibreboard, hard;NA;NA;NA;NA;0;NA;NA
193;Saudi Arabia;c08;Fibreboard;c08_1;Fibreboard, hard;NA;NA;NA;NA;0;NA;NA
194;Senegal;c08;Fibreboard;c08_1;Fibreboard, hard;NA;NA;NA;NA;0;NA;NA
195;Seychelles;c08;Fibreboard;c08_1;Fibreboard, hard;NA;NA;NA;NA;0;NA;NA
196;Sierra Leone;c08;Fibreboard;c08_1;Fibreboard, hard;NA;NA;NA;NA;0;NA;NA
197;Slovenia;c08;Fibreboard;c08_1;Fibreboard, hard;NA;NA;NA;NA;0;NA;NA
198;Slovakia;c08;Fibreboard;c08_1;Fibreboard, hard;NA;NA;NA;NA;0;NA;NA
199;Singapore;c08;Fibreboard;c08_1;Fibreboard, hard;NA;NA;NA;NA;0;NA;NA
200;Somalia;c08;Fibreboard;c08_1;Fibreboard, hard;NA;NA;NA;NA;0;NA;NA
201;South Africa;c08;Fibreboard;c08_1;Fibreboard, hard;NA;NA;NA;NA;0;NA;NA
202;Spain;c08;Fibreboard;c08_1;Fibreboard, hard;NA;NA;NA;NA;0;NA;NA
203;Tajikistan;c08;Fibreboard;c08_1;Fibreboard, hard;NA;NA;NA;NA;0;NA;NA
207;Eswatini;c08;Fibreboard;c08_1;Fibreboard, hard;NA;NA;NA;NA;0;NA;NA
208;Sweden;c08;Fibreboard;c08_1;Fibreboard, hard;NA;NA;NA;NA;0;NA;NA
209;Switzerland;c08;Fibreboard;c08_1;Fibreboard, hard;NA;NA;NA;NA;0;NA;NA
210;Syrian Arab Republic;c08;Fibreboard;c08_1;Fibreboard, hard;NA;NA;NA;NA;0;NA;NA
211;Turkmenistan;c08;Fibreboard;c08_1;Fibreboard, hard;NA;NA;NA;NA;0;NA;NA
212;China, Taiwan Province of;c08;Fibreboard;c08_1;Fibreboard, hard;NA;NA;NA;NA;0;NA;NA
213;United Republic of Tanzania;c08;Fibreboard;c08_1;Fibreboard, hard;NA;NA;NA;NA;0;NA;NA
214;Thailand;c08;Fibreboard;c08_1;Fibreboard, hard;NA;NA;NA;NA;0;NA;NA
215;Togo;c08;Fibreboard;c08_1;Fibreboard, hard;NA;NA;NA;NA;0;NA;NA
216;Tonga;c08;Fibreboard;c08_1;Fibreboard, hard;NA;NA;NA;NA;0;NA;NA
217;Trinidad and Tobago;c08;Fibreboard;c08_1;Fibreboard, hard;NA;NA;NA;NA;0;NA;NA
219;Oman;c08;Fibreboard;c08_1;Fibreboard, hard;NA;NA;NA;NA;0;NA;NA
220;Tunisia;c08;Fibreboard;c08_1;Fibreboard, hard;NA;NA;NA;NA;0;NA;NA
221;Turkey;c08;Fibreboard;c08_1;Fibreboard, hard;NA;NA;NA;NA;0;NA;NA
222;Turks and Caicos Islands;c08;Fibreboard;c08_1;Fibreboard, hard;NA;NA;NA;NA;0;NA;NA
223;United Arab Emirates;c08;Fibreboard;c08_1;Fibreboard, hard;NA;NA;NA;NA;0;NA;NA
224;Uganda;c08;Fibreboard;c08_1;Fibreboard, hard;NA;NA;NA;NA;0;NA;NA
225;United Kingdom;c08;Fibreboard;c08_1;Fibreboard, hard;NA;NA;NA;NA;0;NA;NA
226;Ukraine;c08;Fibreboard;c08_1;Fibreboard, hard;NA;NA;8;NA;0;FAO, ITTO and United Nations (2020);NA
229;United States of America;c08;Fibreboard;c08_1;Fibreboard, hard;NA;NA;NA;NA;0;NA;NA
230;Burkina Faso;c08;Fibreboard;c08_1;Fibreboard, hard;NA;NA;NA;NA;0;NA;NA
231;Uruguay;c08;Fibreboard;c08_1;Fibreboard, hard;NA;NA;NA;NA;0;NA;NA
233;Uzbekistan;c08;Fibreboard;c08_1;Fibreboard, hard;NA;NA;NA;NA;0;NA;NA
234;Venezuela (Bolivarian Republic of);c08;Fibreboard;c08_1;Fibreboard, hard;NA;NA;NA;NA;0;NA;NA
235;Viet Nam;c08;Fibreboard;c08_1;Fibreboard, hard;NA;NA;NA;NA;0;NA;NA
236;Ethiopia;c08;Fibreboard;c08_1;Fibreboard, hard;NA;NA;NA;NA;0;NA;NA
237;British Virgin Islands;c08;Fibreboard;c08_1;Fibreboard, hard;NA;NA;NA;NA;0;NA;NA
238;Samoa;c08;Fibreboard;c08_1;Fibreboard, hard;NA;NA;NA;NA;0;NA;NA
239;Yemen;c08;Fibreboard;c08_1;Fibreboard, hard;NA;NA;NA;NA;0;NA;NA
244;Democratic Republic of the Congo;c08;Fibreboard;c08_1;Fibreboard, hard;NA;NA;NA;NA;0;NA;NA
249;Zambia;c08;Fibreboard;c08_1;Fibreboard, hard;NA;NA;NA;NA;0;NA;NA
250;Belgium;c08;Fibreboard;c08_1;Fibreboard, hard;NA;NA;NA;NA;0;NA;NA
251;Luxembourg;c08;Fibreboard;c08_1;Fibreboard, hard;NA;NA;NA;NA;0;NA;NA
255;Mayotte;c08;Fibreboard;c08_1;Fibreboard, hard;NA;NA;NA;NA;0;NA;NA
256;Serbia;c08;Fibreboard;c08_1;Fibreboard, hard;NA;NA;NA;NA;0;NA;NA
270;Montenegro;c08;Fibreboard;c08_1;Fibreboard, hard;NA;NA;NA;NA;0;NA;NA
272;Sudan;c08;Fibreboard;c08_1;Fibreboard, hard;NA;NA;NA;NA;0;NA;NA
273;South Sudan;c08;Fibreboard;c08_1;Fibreboard, hard;NA;NA;NA;NA;0;NA;NA
276;American Samoa;c08;Fibreboard;c08_1;Fibreboard, hard;NA;NA;NA;NA;0;NA;NA
277;Antigua and Barbuda;c08;Fibreboard;c08_1;Fibreboard, hard;NA;NA;NA;NA;0;NA;NA
5;American Samoa;c08;Fibreboard;c08_1;Fibreboard, hard;NA;NA;NA;NA;0;NA;NA
8;Antigua and Barbuda;c08;Fibreboard;c08_1;Fibreboard, hard;NA;NA;NA;NA;0;NA;NA
17;Bermuda;c08;Fibreboard;c08_1;Fibreboard, hard;NA;NA;NA;NA;0;NA;NA
24;British Indian Ocean Territory;c08;Fibreboard;c08_1;Fibreboard, hard;NA;NA;NA;NA;0;NA;NA
36;Cayman Islands;c08;Fibreboard;c08_1;Fibreboard, hard;NA;NA;NA;NA;0;NA;NA
43;Cocos (Keeling) Islands;c08;Fibreboard;c08_1;Fibreboard, hard;NA;NA;NA;NA;0;NA;NA
71;French Southern and Antarctic Territories;c08;Fibreboard;c08_1;Fibreboard, hard;NA;NA;NA;NA;0;NA;NA
85;Greenland;c08;Fibreboard;c08_1;Fibreboard, hard;NA;NA;NA;NA;0;NA;NA
86;Grenada;c08;Fibreboard;c08_1;Fibreboard, hard;NA;NA;NA;NA;0;NA;NA
88;Guam;c08;Fibreboard;c08_1;Fibreboard, hard;NA;NA;NA;NA;0;NA;NA
94;Holy See;c08;Fibreboard;c08_1;Fibreboard, hard;NA;NA;NA;NA;0;NA;NA
127;Marshall Islands;c08;Fibreboard;c08_1;Fibreboard, hard;NA;NA;NA;NA;0;NA;NA
142;Montserrat;c08;Fibreboard;c08_1;Fibreboard, hard;NA;NA;NA;NA;0;NA;NA
148;Nauru;c08;Fibreboard;c08_1;Fibreboard, hard;NA;NA;NA;NA;0;NA;NA
163;Northern Mariana Islands;c08;Fibreboard;c08_1;Fibreboard, hard;NA;NA;NA;NA;0;NA;NA
164;Pacific Islands Trust Territory;c08;Fibreboard;c08_1;Fibreboard, hard;NA;NA;NA;NA;0;NA;NA
172;Pitcairn Islands;c08;Fibreboard;c08_1;Fibreboard, hard;NA;NA;NA;NA;0;NA;NA
180;Palau;c08;Fibreboard;c08_1;Fibreboard, hard;NA;NA;NA;NA;0;NA;NA
187;Saint Helena, Ascension and Tristan da Cunha;c08;Fibreboard;c08_1;Fibreboard, hard;NA;NA;NA;NA;0;NA;NA
188;Saint Kitts and Nevis;c08;Fibreboard;c08_1;Fibreboard, hard;NA;NA;NA;NA;0;NA;NA
192;San Marino;c08;Fibreboard;c08_1;Fibreboard, hard;NA;NA;NA;NA;0;NA;NA
205;Western Sahara;c08;Fibreboard;c08_1;Fibreboard, hard;NA;NA;NA;NA;0;NA;NA
218;Tokelau;c08;Fibreboard;c08_1;Fibreboard, hard;NA;NA;NA;NA;0;NA;NA
227;Tuvalu;c08;Fibreboard;c08_1;Fibreboard, hard;NA;NA;NA;NA;0;NA;NA
228;USSR;c08;Fibreboard;c08_1;Fibreboard, hard;NA;NA;NA;NA;0;NA;NA
242;Wake Island;c08;Fibreboard;c08_1;Fibreboard, hard;NA;NA;NA;NA;0;NA;NA
243;Wallis and Futuna Islands;c08;Fibreboard;c08_1;Fibreboard, hard;NA;NA;NA;NA;0;NA;NA
248;Yugoslav SFR;c08;Fibreboard;c08_1;Fibreboard, hard;NA;NA;NA;NA;0;NA;NA
258;Anguilla;c08;Fibreboard;c08_1;Fibreboard, hard;NA;NA;NA;NA;0;NA;NA
279;Curaçao;c08;Fibreboard;c08_1;Fibreboard, hard;NA;NA;NA;NA;0;NA;NA
281;Saint-Martin (French Part);c08;Fibreboard;c08_1;Fibreboard, hard;NA;NA;NA;NA;0;NA;NA
299;Palestine;c08;Fibreboard;c08_1;Fibreboard, hard;NA;NA;NA;NA;0;NA;NA
252;Unspecified Area;c08;Fibreboard;c08_1;Fibreboard, hard;NA;NA;NA;NA;0;NA;NA
254;Others (adjustment);c08;Fibreboard;c08_1;Fibreboard, hard;NA;NA;NA;NA;0;NA;NA
999;RoW;c08;Fibreboard;c08_1;Fibreboard, hard;NA;NA;NA;NA;0;NA;NA
;ASI;c08;Fibreboard;c08_1;Fibreboard, hard;8;4;6;83;0;FAO, ITTO and United Nations (2020);NA
;EUR;c08;Fibreboard;c08_1;Fibreboard, hard;6;2;6;88;0;FAO, ITTO and United Nations (2020);NA
;AFR;c08;Fibreboard;c08_1;Fibreboard, hard;NA;NA;NA;NA;0;NA;NA
;LAM;c08;Fibreboard;c08_1;Fibreboard, hard;NA;NA;7;NA;0;FAO, ITTO and United Nations (2020);NA
;OCE;c08;Fibreboard;c08_1;Fibreboard, hard;NA;NA;NA;NA;0;NA;NA
;NAM;c08;Fibreboard;c08_1;Fibreboard, hard;NA;NA;NA;NA;0;NA;NA
1;Armenia;c08;Fibreboard;c08_2;Fibreboard, MDF/HDF;NA;NA;NA;NA;0;NA;NA
2;Afghanistan;c08;Fibreboard;c08_2;Fibreboard, MDF/HDF;NA;NA;NA;NA;0;NA;NA
3;Albania;c08;Fibreboard;c08_2;Fibreboard, MDF/HDF;NA;NA;NA;NA;0;NA;NA
4;Algeria;c08;Fibreboard;c08_2;Fibreboard, MDF/HDF;NA;NA;NA;NA;0;NA;NA
6;Andorra;c08;Fibreboard;c08_2;Fibreboard, MDF/HDF;NA;NA;NA;NA;0;NA;NA
7;Angola;c08;Fibreboard;c08_2;Fibreboard, MDF/HDF;NA;NA;NA;NA;0;NA;NA
9;Argentina;c08;Fibreboard;c08_2;Fibreboard, MDF/HDF;NA;NA;NA;NA;0;NA;NA
10;Australia;c08;Fibreboard;c08_2;Fibreboard, MDF/HDF;NA;NA;NA;NA;0;NA;NA
11;Austria;c08;Fibreboard;c08_2;Fibreboard, MDF/HDF;NA;NA;NA;NA;0;NA;NA
12;Bahamas;c08;Fibreboard;c08_2;Fibreboard, MDF/HDF;NA;NA;NA;NA;0;NA;NA
13;Bahrain;c08;Fibreboard;c08_2;Fibreboard, MDF/HDF;NA;NA;NA;NA;0;NA;NA
14;Barbados;c08;Fibreboard;c08_2;Fibreboard, MDF/HDF;NA;NA;NA;NA;0;NA;NA
15;Belgium-Luxembourg;c08;Fibreboard;c08_2;Fibreboard, MDF/HDF;NA;NA;NA;NA;0;NA;NA
16;Bangladesh;c08;Fibreboard;c08_2;Fibreboard, MDF/HDF;NA;NA;NA;NA;0;NA;NA
18;Bhutan;c08;Fibreboard;c08_2;Fibreboard, MDF/HDF;NA;NA;NA;NA;0;NA;NA
19;Bolivia (Plurinational State of);c08;Fibreboard;c08_2;Fibreboard, MDF/HDF;NA;NA;NA;NA;0;NA;NA
20;Botswana;c08;Fibreboard;c08_2;Fibreboard, MDF/HDF;NA;NA;NA;NA;0;NA;NA
21;Brazil;c08;Fibreboard;c08_2;Fibreboard, MDF/HDF;NA;NA;NA;NA;0;NA;NA
22;Aruba;c08;Fibreboard;c08_2;Fibreboard, MDF/HDF;NA;NA;NA;NA;0;NA;NA
23;Belize;c08;Fibreboard;c08_2;Fibreboard, MDF/HDF;NA;NA;NA;NA;0;NA;NA
25;Solomon Islands;c08;Fibreboard;c08_2;Fibreboard, MDF/HDF;NA;NA;NA;NA;0;NA;NA
26;Brunei Darussalam;c08;Fibreboard;c08_2;Fibreboard, MDF/HDF;NA;NA;NA;NA;0;NA;NA
27;Bulgaria;c08;Fibreboard;c08_2;Fibreboard, MDF/HDF;NA;NA;NA;NA;0;NA;NA
28;Myanmar;c08;Fibreboard;c08_2;Fibreboard, MDF/HDF;NA;NA;NA;NA;0;NA;NA
29;Burundi;c08;Fibreboard;c08_2;Fibreboard, MDF/HDF;NA;NA;NA;NA;0;NA;NA
32;Cameroon;c08;Fibreboard;c08_2;Fibreboard, MDF/HDF;NA;NA;NA;NA;0;NA;NA
33;Canada;c08;Fibreboard;c08_2;Fibreboard, MDF/HDF;NA;NA;NA;NA;0;NA;NA
35;Cabo Verde;c08;Fibreboard;c08_2;Fibreboard, MDF/HDF;NA;NA;NA;NA;0;NA;NA
37;Central African Republic;c08;Fibreboard;c08_2;Fibreboard, MDF/HDF;NA;NA;NA;NA;0;NA;NA
38;Sri Lanka;c08;Fibreboard;c08_2;Fibreboard, MDF/HDF;NA;NA;NA;NA;0;NA;NA
39;Chad;c08;Fibreboard;c08_2;Fibreboard, MDF/HDF;NA;NA;NA;NA;0;NA;NA
40;Chile;c08;Fibreboard;c08_2;Fibreboard, MDF/HDF;9;0;8;83;0;FAO, ITTO and United Nations (2020);NA
41;China, mainland;c08;Fibreboard;c08_2;Fibreboard, MDF/HDF;NA;NA;NA;NA;0;NA;NA
42;Christmas Island;c08;Fibreboard;c08_2;Fibreboard, MDF/HDF;NA;NA;NA;NA;0;NA;NA
44;Colombia;c08;Fibreboard;c08_2;Fibreboard, MDF/HDF;NA;NA;NA;NA;0;NA;NA
45;Comoros;c08;Fibreboard;c08_2;Fibreboard, MDF/HDF;NA;NA;NA;NA;0;NA;NA
46;Congo;c08;Fibreboard;c08_2;Fibreboard, MDF/HDF;NA;NA;NA;NA;0;NA;NA
47;Cook Islands;c08;Fibreboard;c08_2;Fibreboard, MDF/HDF;NA;NA;NA;NA;0;NA;NA
48;Costa Rica;c08;Fibreboard;c08_2;Fibreboard, MDF/HDF;NA;NA;NA;NA;0;NA;NA
49;Cuba;c08;Fibreboard;c08_2;Fibreboard, MDF/HDF;NA;NA;NA;NA;0;NA;NA
50;Cyprus;c08;Fibreboard;c08_2;Fibreboard, MDF/HDF;NA;NA;NA;NA;0;NA;NA
51;Czechoslovakia;c08;Fibreboard;c08_2;Fibreboard, MDF/HDF;NA;NA;NA;NA;0;NA;NA
52;Azerbaijan;c08;Fibreboard;c08_2;Fibreboard, MDF/HDF;NA;NA;NA;NA;0;NA;NA
53;Benin;c08;Fibreboard;c08_2;Fibreboard, MDF/HDF;NA;NA;NA;NA;0;NA;NA
54;Denmark;c08;Fibreboard;c08_2;Fibreboard, MDF/HDF;NA;NA;NA;NA;0;NA;NA
55;Dominica;c08;Fibreboard;c08_2;Fibreboard, MDF/HDF;NA;NA;NA;NA;0;NA;NA
56;Dominican Republic;c08;Fibreboard;c08_2;Fibreboard, MDF/HDF;NA;NA;NA;NA;0;NA;NA
57;Belarus;c08;Fibreboard;c08_2;Fibreboard, MDF/HDF;NA;NA;NA;NA;0;NA;NA
58;Ecuador;c08;Fibreboard;c08_2;Fibreboard, MDF/HDF;NA;NA;NA;NA;0;NA;NA
59;Egypt;c08;Fibreboard;c08_2;Fibreboard, MDF/HDF;NA;NA;NA;NA;0;NA;NA
60;El Salvador;c08;Fibreboard;c08_2;Fibreboard, MDF/HDF;NA;NA;NA;NA;0;NA;NA
61;Equatorial Guinea;c08;Fibreboard;c08_2;Fibreboard, MDF/HDF;NA;NA;NA;NA;0;NA;NA
63;Faroe Islands;c08;Fibreboard;c08_2;Fibreboard, MDF/HDF;NA;NA;NA;NA;0;NA;NA
64;Falkland Islands (Malvinas);c08;Fibreboard;c08_2;Fibreboard, MDF/HDF;NA;NA;NA;NA;0;NA;NA
65;Fiji;c08;Fibreboard;c08_2;Fibreboard, MDF/HDF;NA;NA;NA;NA;0;NA;NA
66;Finland;c08;Fibreboard;c08_2;Fibreboard, MDF/HDF;NA;NA;NA;NA;0;NA;NA
67;France;c08;Fibreboard;c08_2;Fibreboard, MDF/HDF;9;3;6;82;0;FAO, ITTO and United Nations (2020);NA
68;French Guyana;c08;Fibreboard;c08_2;Fibreboard, MDF/HDF;NA;NA;NA;NA;0;NA;NA
69;French Polynesia;c08;Fibreboard;c08_2;Fibreboard, MDF/HDF;NA;NA;NA;NA;0;NA;NA
70;Djibouti;c08;Fibreboard;c08_2;Fibreboard, MDF/HDF;NA;NA;NA;NA;0;NA;NA
72;Georgia;c08;Fibreboard;c08_2;Fibreboard, MDF/HDF;NA;NA;NA;NA;0;NA;NA
73;Gabon;c08;Fibreboard;c08_2;Fibreboard, MDF/HDF;NA;NA;NA;NA;0;NA;NA
74;Gambia;c08;Fibreboard;c08_2;Fibreboard, MDF/HDF;NA;NA;NA;NA;0;NA;NA
75;Germany;c08;Fibreboard;c08_2;Fibreboard, MDF/HDF;NA;NA;NA;NA;0;NA;NA
79;Bosnia and Herzegovina;c08;Fibreboard;c08_2;Fibreboard, MDF/HDF;NA;NA;NA;NA;0;NA;NA
80;Ghana;c08;Fibreboard;c08_2;Fibreboard, MDF/HDF;NA;NA;NA;NA;0;NA;NA
81;Gibraltar;c08;Fibreboard;c08_2;Fibreboard, MDF/HDF;NA;NA;NA;NA;0;NA;NA
82;Kiribati;c08;Fibreboard;c08_2;Fibreboard, MDF/HDF;NA;NA;NA;NA;0;NA;NA
83;Greece;c08;Fibreboard;c08_2;Fibreboard, MDF/HDF;NA;NA;NA;NA;0;NA;NA
84;Guadeloupe;c08;Fibreboard;c08_2;Fibreboard, MDF/HDF;NA;NA;NA;NA;0;NA;NA
87;Guatemala;c08;Fibreboard;c08_2;Fibreboard, MDF/HDF;NA;NA;NA;NA;0;NA;NA
89;Guinea;c08;Fibreboard;c08_2;Fibreboard, MDF/HDF;NA;NA;NA;NA;0;NA;NA
90;Guyana;c08;Fibreboard;c08_2;Fibreboard, MDF/HDF;NA;NA;NA;NA;0;NA;NA
91;Haiti;c08;Fibreboard;c08_2;Fibreboard, MDF/HDF;NA;NA;NA;NA;0;NA;NA
93;Honduras;c08;Fibreboard;c08_2;Fibreboard, MDF/HDF;NA;NA;NA;NA;0;NA;NA
95;China, Hong Kong SAR;c08;Fibreboard;c08_2;Fibreboard, MDF/HDF;NA;NA;NA;NA;0;NA;NA
96;Hungary;c08;Fibreboard;c08_2;Fibreboard, MDF/HDF;NA;NA;NA;NA;0;NA;NA
97;Croatia;c08;Fibreboard;c08_2;Fibreboard, MDF/HDF;NA;NA;NA;NA;0;NA;NA
98;Iceland;c08;Fibreboard;c08_2;Fibreboard, MDF/HDF;NA;NA;NA;NA;0;NA;NA
99;India;c08;Fibreboard;c08_2;Fibreboard, MDF/HDF;NA;NA;NA;NA;0;NA;NA
100;Indonesia;c08;Fibreboard;c08_2;Fibreboard, MDF/HDF;9;0;7;85;0;FAO, ITTO and United Nations (2020);NA
101;Iran (Islamic Republic of);c08;Fibreboard;c08_2;Fibreboard, MDF/HDF;NA;NA;NA;NA;0;NA;NA
102;Iraq;c08;Fibreboard;c08_2;Fibreboard, MDF/HDF;NA;NA;NA;NA;0;NA;NA
103;Ireland;c08;Fibreboard;c08_2;Fibreboard, MDF/HDF;9;0;6;85;0;FAO, ITTO and United Nations (2020);NA
104;Israel;c08;Fibreboard;c08_2;Fibreboard, MDF/HDF;NA;NA;NA;NA;0;NA;NA
105;Italy;c08;Fibreboard;c08_2;Fibreboard, MDF/HDF;NA;NA;NA;NA;0;NA;NA
106;Cote d'Ivoire;c08;Fibreboard;c08_2;Fibreboard, MDF/HDF;NA;NA;NA;NA;0;NA;NA
107;Kazakhstan;c08;Fibreboard;c08_2;Fibreboard, MDF/HDF;NA;NA;NA;NA;0;NA;NA
108;Jamaica;c08;Fibreboard;c08_2;Fibreboard, MDF/HDF;NA;NA;NA;NA;0;NA;NA
109;Japan;c08;Fibreboard;c08_2;Fibreboard, MDF/HDF;NA;NA;NA;NA;0;NA;NA
110;Jordan;c08;Fibreboard;c08_2;Fibreboard, MDF/HDF;NA;NA;NA;NA;0;NA;NA
112;Kyrgyzstan;c08;Fibreboard;c08_2;Fibreboard, MDF/HDF;NA;NA;NA;NA;0;NA;NA
113;Kenya;c08;Fibreboard;c08_2;Fibreboard, MDF/HDF;NA;NA;NA;NA;0;NA;NA
114;Cambodia;c08;Fibreboard;c08_2;Fibreboard, MDF/HDF;NA;NA;NA;NA;0;NA;NA
115;Democratic People's Republic of Korea;c08;Fibreboard;c08_2;Fibreboard, MDF/HDF;NA;NA;NA;NA;0;NA;NA
116;Republic of Korea;c08;Fibreboard;c08_2;Fibreboard, MDF/HDF;NA;NA;NA;NA;0;NA;NA
117;Kuwait;c08;Fibreboard;c08_2;Fibreboard, MDF/HDF;NA;NA;NA;NA;0;NA;NA
118;Latvia;c08;Fibreboard;c08_2;Fibreboard, MDF/HDF;NA;NA;NA;NA;0;NA;NA
119;Lao People's Democratic Republic;c08;Fibreboard;c08_2;Fibreboard, MDF/HDF;NA;NA;NA;NA;0;NA;NA
120;Lebanon;c08;Fibreboard;c08_2;Fibreboard, MDF/HDF;NA;NA;NA;NA;0;NA;NA
121;Lesotho;c08;Fibreboard;c08_2;Fibreboard, MDF/HDF;NA;NA;NA;NA;0;NA;NA
122;Liberia;c08;Fibreboard;c08_2;Fibreboard, MDF/HDF;NA;NA;NA;NA;0;NA;NA
123;Libya;c08;Fibreboard;c08_2;Fibreboard, MDF/HDF;NA;NA;NA;NA;0;NA;NA
124;Liechtenstein;c08;Fibreboard;c08_2;Fibreboard, MDF/HDF;NA;NA;NA;NA;0;NA;NA
125;Lithuania;c08;Fibreboard;c08_2;Fibreboard, MDF/HDF;NA;NA;NA;NA;0;NA;NA
126;China, Macao SAR;c08;Fibreboard;c08_2;Fibreboard, MDF/HDF;NA;NA;NA;NA;0;NA;NA
128;Madagascar;c08;Fibreboard;c08_2;Fibreboard, MDF/HDF;NA;NA;NA;NA;0;NA;NA
129;Malawi;c08;Fibreboard;c08_2;Fibreboard, MDF/HDF;NA;NA;NA;NA;0;NA;NA
130;Malaysia;c08;Fibreboard;c08_2;Fibreboard, MDF/HDF;9;0;6;85;0;FAO, ITTO and United Nations (2020);NA
131;Maldives;c08;Fibreboard;c08_2;Fibreboard, MDF/HDF;NA;NA;NA;NA;0;NA;NA
132;Mali;c08;Fibreboard;c08_2;Fibreboard, MDF/HDF;NA;NA;NA;NA;0;NA;NA
133;Malta;c08;Fibreboard;c08_2;Fibreboard, MDF/HDF;NA;NA;NA;NA;0;NA;NA
134;Martinique;c08;Fibreboard;c08_2;Fibreboard, MDF/HDF;NA;NA;NA;NA;0;NA;NA
135;Mauritania;c08;Fibreboard;c08_2;Fibreboard, MDF/HDF;NA;NA;NA;NA;0;NA;NA
136;Mauritius;c08;Fibreboard;c08_2;Fibreboard, MDF/HDF;NA;NA;NA;NA;0;NA;NA
137;Mexico;c08;Fibreboard;c08_2;Fibreboard, MDF/HDF;NA;0;6;NA;0;FAO, ITTO and United Nations (2020);NA
138;Mongolia;c08;Fibreboard;c08_2;Fibreboard, MDF/HDF;NA;NA;NA;NA;0;NA;NA
141;Morocco;c08;Fibreboard;c08_2;Fibreboard, MDF/HDF;NA;NA;NA;NA;0;NA;NA
143;Mozambique;c08;Fibreboard;c08_2;Fibreboard, MDF/HDF;NA;NA;NA;NA;0;NA;NA
144;Micronesia (Federated States of);c08;Fibreboard;c08_2;Fibreboard, MDF/HDF;NA;NA;NA;NA;0;NA;NA
145;Republic of Moldova;c08;Fibreboard;c08_2;Fibreboard, MDF/HDF;NA;NA;NA;NA;0;NA;NA
146;Namibia;c08;Fibreboard;c08_2;Fibreboard, MDF/HDF;NA;NA;NA;NA;0;NA;NA
147;Nepal;c08;Fibreboard;c08_2;Fibreboard, MDF/HDF;NA;NA;NA;NA;0;NA;NA
149;Netherlands;c08;Fibreboard;c08_2;Fibreboard, MDF/HDF;NA;NA;NA;NA;0;NA;NA
150;Netherlands Antilles;c08;Fibreboard;c08_2;Fibreboard, MDF/HDF;NA;NA;NA;NA;0;NA;NA
151;New Caledonia;c08;Fibreboard;c08_2;Fibreboard, MDF/HDF;NA;NA;NA;NA;0;NA;NA
153;North Macedonia;c08;Fibreboard;c08_2;Fibreboard, MDF/HDF;NA;NA;NA;NA;0;NA;NA
154;Vanuatu;c08;Fibreboard;c08_2;Fibreboard, MDF/HDF;NA;NA;NA;NA;0;NA;NA
155;New Zealand;c08;Fibreboard;c08_2;Fibreboard, MDF/HDF;NA;NA;NA;NA;0;NA;NA
156;Nicaragua;c08;Fibreboard;c08_2;Fibreboard, MDF/HDF;NA;NA;NA;NA;0;NA;NA
157;Niger;c08;Fibreboard;c08_2;Fibreboard, MDF/HDF;NA;NA;NA;NA;0;NA;NA
158;Nigeria;c08;Fibreboard;c08_2;Fibreboard, MDF/HDF;NA;NA;NA;NA;0;NA;NA
159;Niue;c08;Fibreboard;c08_2;Fibreboard, MDF/HDF;NA;NA;NA;NA;0;NA;NA
160;Norfolk Island;c08;Fibreboard;c08_2;Fibreboard, MDF/HDF;NA;NA;NA;NA;0;NA;NA
161;Norway;c08;Fibreboard;c08_2;Fibreboard, MDF/HDF;NA;NA;NA;NA;0;NA;NA
162;Pakistan;c08;Fibreboard;c08_2;Fibreboard, MDF/HDF;NA;NA;NA;NA;0;NA;NA
165;Panama;c08;Fibreboard;c08_2;Fibreboard, MDF/HDF;NA;NA;NA;NA;0;NA;NA
166;Czechia;c08;Fibreboard;c08_2;Fibreboard, MDF/HDF;NA;NA;NA;NA;0;NA;NA
167;Papua New Guinea;c08;Fibreboard;c08_2;Fibreboard, MDF/HDF;NA;NA;NA;NA;0;NA;NA
168;Paraguay;c08;Fibreboard;c08_2;Fibreboard, MDF/HDF;NA;NA;NA;NA;0;NA;NA
169;Peru;c08;Fibreboard;c08_2;Fibreboard, MDF/HDF;NA;NA;NA;NA;0;NA;NA
170;Philippines;c08;Fibreboard;c08_2;Fibreboard, MDF/HDF;NA;NA;NA;NA;0;NA;NA
171;Poland;c08;Fibreboard;c08_2;Fibreboard, MDF/HDF;8;10;3;79;0;FAO, ITTO and United Nations (2020);NA
173;Portugal;c08;Fibreboard;c08_2;Fibreboard, MDF/HDF;8;0;7;85;0;FAO, ITTO and United Nations (2020);NA
174;Guinea-Bissau;c08;Fibreboard;c08_2;Fibreboard, MDF/HDF;NA;NA;NA;NA;0;NA;NA
175;Timor-Leste;c08;Fibreboard;c08_2;Fibreboard, MDF/HDF;NA;NA;NA;NA;0;NA;NA
176;Eritrea;c08;Fibreboard;c08_2;Fibreboard, MDF/HDF;NA;NA;NA;NA;0;NA;NA
178;Qatar;c08;Fibreboard;c08_2;Fibreboard, MDF/HDF;NA;NA;NA;NA;0;NA;NA
179;Zimbabwe;c08;Fibreboard;c08_2;Fibreboard, MDF/HDF;NA;NA;NA;NA;0;NA;NA
181;Reunion;c08;Fibreboard;c08_2;Fibreboard, MDF/HDF;NA;NA;NA;NA;0;NA;NA
182;Romania;c08;Fibreboard;c08_2;Fibreboard, MDF/HDF;NA;NA;NA;NA;0;NA;NA
183;Rwanda;c08;Fibreboard;c08_2;Fibreboard, MDF/HDF;NA;NA;NA;NA;0;NA;NA
184;Russian Federation;c08;Fibreboard;c08_2;Fibreboard, MDF/HDF;NA;NA;NA;NA;0;NA;NA
185;Serbia and Montenegro;c08;Fibreboard;c08_2;Fibreboard, MDF/HDF;NA;NA;NA;NA;0;NA;NA
186;Saint Lucia;c08;Fibreboard;c08_2;Fibreboard, MDF/HDF;NA;NA;NA;NA;0;NA;NA
189;Saint Pierre and Miquelon;c08;Fibreboard;c08_2;Fibreboard, MDF/HDF;NA;NA;NA;NA;0;NA;NA
190;Saint Vincent and the Grenadines;c08;Fibreboard;c08_2;Fibreboard, MDF/HDF;NA;NA;NA;NA;0;NA;NA
191;Sao Tome and Principe;c08;Fibreboard;c08_2;Fibreboard, MDF/HDF;NA;NA;NA;NA;0;NA;NA
193;Saudi Arabia;c08;Fibreboard;c08_2;Fibreboard, MDF/HDF;NA;NA;NA;NA;0;NA;NA
194;Senegal;c08;Fibreboard;c08_2;Fibreboard, MDF/HDF;NA;NA;NA;NA;0;NA;NA
195;Seychelles;c08;Fibreboard;c08_2;Fibreboard, MDF/HDF;NA;NA;NA;NA;0;NA;NA
196;Sierra Leone;c08;Fibreboard;c08_2;Fibreboard, MDF/HDF;NA;NA;NA;NA;0;NA;NA
197;Slovenia;c08;Fibreboard;c08_2;Fibreboard, MDF/HDF;NA;NA;NA;NA;0;NA;NA
198;Slovakia;c08;Fibreboard;c08_2;Fibreboard, MDF/HDF;NA;NA;NA;NA;0;NA;NA
199;Singapore;c08;Fibreboard;c08_2;Fibreboard, MDF/HDF;NA;NA;NA;NA;0;NA;NA
200;Somalia;c08;Fibreboard;c08_2;Fibreboard, MDF/HDF;NA;NA;NA;NA;0;NA;NA
201;South Africa;c08;Fibreboard;c08_2;Fibreboard, MDF/HDF;NA;NA;NA;NA;0;NA;NA
202;Spain;c08;Fibreboard;c08_2;Fibreboard, MDF/HDF;NA;NA;NA;NA;0;NA;NA
203;Tajikistan;c08;Fibreboard;c08_2;Fibreboard, MDF/HDF;NA;NA;NA;NA;0;NA;NA
207;Eswatini;c08;Fibreboard;c08_2;Fibreboard, MDF/HDF;NA;NA;NA;NA;0;NA;NA
208;Sweden;c08;Fibreboard;c08_2;Fibreboard, MDF/HDF;NA;NA;NA;NA;0;NA;NA
209;Switzerland;c08;Fibreboard;c08_2;Fibreboard, MDF/HDF;NA;NA;NA;NA;0;NA;NA
210;Syrian Arab Republic;c08;Fibreboard;c08_2;Fibreboard, MDF/HDF;NA;NA;NA;NA;0;NA;NA
211;Turkmenistan;c08;Fibreboard;c08_2;Fibreboard, MDF/HDF;NA;NA;NA;NA;0;NA;NA
212;China, Taiwan Province of;c08;Fibreboard;c08_2;Fibreboard, MDF/HDF;NA;NA;NA;NA;0;NA;NA
213;United Republic of Tanzania;c08;Fibreboard;c08_2;Fibreboard, MDF/HDF;NA;NA;NA;NA;0;NA;NA
214;Thailand;c08;Fibreboard;c08_2;Fibreboard, MDF/HDF;NA;NA;NA;NA;0;NA;NA
215;Togo;c08;Fibreboard;c08_2;Fibreboard, MDF/HDF;NA;NA;NA;NA;0;NA;NA
216;Tonga;c08;Fibreboard;c08_2;Fibreboard, MDF/HDF;NA;NA;NA;NA;0;NA;NA
217;Trinidad and Tobago;c08;Fibreboard;c08_2;Fibreboard, MDF/HDF;NA;NA;NA;NA;0;NA;NA
219;Oman;c08;Fibreboard;c08_2;Fibreboard, MDF/HDF;NA;NA;NA;NA;0;NA;NA
220;Tunisia;c08;Fibreboard;c08_2;Fibreboard, MDF/HDF;NA;NA;NA;NA;0;NA;NA
221;Turkey;c08;Fibreboard;c08_2;Fibreboard, MDF/HDF;NA;NA;NA;NA;0;NA;NA
222;Turks and Caicos Islands;c08;Fibreboard;c08_2;Fibreboard, MDF/HDF;NA;NA;NA;NA;0;NA;NA
223;United Arab Emirates;c08;Fibreboard;c08_2;Fibreboard, MDF/HDF;NA;NA;NA;NA;0;NA;NA
224;Uganda;c08;Fibreboard;c08_2;Fibreboard, MDF/HDF;NA;NA;NA;NA;0;NA;NA
225;United Kingdom;c08;Fibreboard;c08_2;Fibreboard, MDF/HDF;NA;NA;NA;NA;0;NA;NA
226;Ukraine;c08;Fibreboard;c08_2;Fibreboard, MDF/HDF;NA;NA;NA;NA;0;NA;NA
229;United States of America;c08;Fibreboard;c08_2;Fibreboard, MDF/HDF;NA;NA;NA;NA;0;NA;NA
230;Burkina Faso;c08;Fibreboard;c08_2;Fibreboard, MDF/HDF;NA;NA;NA;NA;0;NA;NA
231;Uruguay;c08;Fibreboard;c08_2;Fibreboard, MDF/HDF;NA;NA;NA;NA;0;NA;NA
233;Uzbekistan;c08;Fibreboard;c08_2;Fibreboard, MDF/HDF;NA;NA;NA;NA;0;NA;NA
234;Venezuela (Bolivarian Republic of);c08;Fibreboard;c08_2;Fibreboard, MDF/HDF;NA;NA;NA;NA;0;NA;NA
235;Viet Nam;c08;Fibreboard;c08_2;Fibreboard, MDF/HDF;NA;NA;NA;NA;0;NA;NA
236;Ethiopia;c08;Fibreboard;c08_2;Fibreboard, MDF/HDF;NA;NA;NA;NA;0;NA;NA
237;British Virgin Islands;c08;Fibreboard;c08_2;Fibreboard, MDF/HDF;NA;NA;NA;NA;0;NA;NA
238;Samoa;c08;Fibreboard;c08_2;Fibreboard, MDF/HDF;NA;NA;NA;NA;0;NA;NA
239;Yemen;c08;Fibreboard;c08_2;Fibreboard, MDF/HDF;NA;NA;NA;NA;0;NA;NA
244;Democratic Republic of the Congo;c08;Fibreboard;c08_2;Fibreboard, MDF/HDF;NA;NA;NA;NA;0;NA;NA
249;Zambia;c08;Fibreboard;c08_2;Fibreboard, MDF/HDF;NA;NA;NA;NA;0;NA;NA
250;Belgium;c08;Fibreboard;c08_2;Fibreboard, MDF/HDF;NA;NA;NA;NA;0;NA;NA
251;Luxembourg;c08;Fibreboard;c08_2;Fibreboard, MDF/HDF;NA;NA;NA;NA;0;NA;NA
255;Mayotte;c08;Fibreboard;c08_2;Fibreboard, MDF/HDF;NA;NA;NA;NA;0;NA;NA
256;Serbia;c08;Fibreboard;c08_2;Fibreboard, MDF/HDF;NA;NA;NA;NA;0;NA;NA
270;Montenegro;c08;Fibreboard;c08_2;Fibreboard, MDF/HDF;NA;NA;NA;NA;0;NA;NA
272;Sudan;c08;Fibreboard;c08_2;Fibreboard, MDF/HDF;NA;NA;NA;NA;0;NA;NA
273;South Sudan;c08;Fibreboard;c08_2;Fibreboard, MDF/HDF;NA;NA;NA;NA;0;NA;NA
276;American Samoa;c08;Fibreboard;c08_2;Fibreboard, MDF/HDF;NA;NA;NA;NA;0;NA;NA
277;Antigua and Barbuda;c08;Fibreboard;c08_2;Fibreboard, MDF/HDF;NA;NA;NA;NA;0;NA;NA
5;American Samoa;c08;Fibreboard;c08_2;Fibreboard, MDF/HDF;NA;NA;NA;NA;0;NA;NA
8;Antigua and Barbuda;c08;Fibreboard;c08_2;Fibreboard, MDF/HDF;NA;NA;NA;NA;0;NA;NA
17;Bermuda;c08;Fibreboard;c08_2;Fibreboard, MDF/HDF;NA;NA;NA;NA;0;NA;NA
24;British Indian Ocean Territory;c08;Fibreboard;c08_2;Fibreboard, MDF/HDF;NA;NA;NA;NA;0;NA;NA
36;Cayman Islands;c08;Fibreboard;c08_2;Fibreboard, MDF/HDF;NA;NA;NA;NA;0;NA;NA
43;Cocos (Keeling) Islands;c08;Fibreboard;c08_2;Fibreboard, MDF/HDF;NA;NA;NA;NA;0;NA;NA
71;French Southern and Antarctic Territories;c08;Fibreboard;c08_2;Fibreboard, MDF/HDF;NA;NA;NA;NA;0;NA;NA
85;Greenland;c08;Fibreboard;c08_2;Fibreboard, MDF/HDF;NA;NA;NA;NA;0;NA;NA
86;Grenada;c08;Fibreboard;c08_2;Fibreboard, MDF/HDF;NA;NA;NA;NA;0;NA;NA
88;Guam;c08;Fibreboard;c08_2;Fibreboard, MDF/HDF;NA;NA;NA;NA;0;NA;NA
94;Holy See;c08;Fibreboard;c08_2;Fibreboard, MDF/HDF;NA;NA;NA;NA;0;NA;NA
127;Marshall Islands;c08;Fibreboard;c08_2;Fibreboard, MDF/HDF;NA;NA;NA;NA;0;NA;NA
142;Montserrat;c08;Fibreboard;c08_2;Fibreboard, MDF/HDF;NA;NA;NA;NA;0;NA;NA
148;Nauru;c08;Fibreboard;c08_2;Fibreboard, MDF/HDF;NA;NA;NA;NA;0;NA;NA
163;Northern Mariana Islands;c08;Fibreboard;c08_2;Fibreboard, MDF/HDF;NA;NA;NA;NA;0;NA;NA
164;Pacific Islands Trust Territory;c08;Fibreboard;c08_2;Fibreboard, MDF/HDF;NA;NA;NA;NA;0;NA;NA
172;Pitcairn Islands;c08;Fibreboard;c08_2;Fibreboard, MDF/HDF;NA;NA;NA;NA;0;NA;NA
180;Palau;c08;Fibreboard;c08_2;Fibreboard, MDF/HDF;NA;NA;NA;NA;0;NA;NA
187;Saint Helena, Ascension and Tristan da Cunha;c08;Fibreboard;c08_2;Fibreboard, MDF/HDF;NA;NA;NA;NA;0;NA;NA
188;Saint Kitts and Nevis;c08;Fibreboard;c08_2;Fibreboard, MDF/HDF;NA;NA;NA;NA;0;NA;NA
192;San Marino;c08;Fibreboard;c08_2;Fibreboard, MDF/HDF;NA;NA;NA;NA;0;NA;NA
205;Western Sahara;c08;Fibreboard;c08_2;Fibreboard, MDF/HDF;NA;NA;NA;NA;0;NA;NA
218;Tokelau;c08;Fibreboard;c08_2;Fibreboard, MDF/HDF;NA;NA;NA;NA;0;NA;NA
227;Tuvalu;c08;Fibreboard;c08_2;Fibreboard, MDF/HDF;NA;NA;NA;NA;0;NA;NA
228;USSR;c08;Fibreboard;c08_2;Fibreboard, MDF/HDF;NA;NA;NA;NA;0;NA;NA
242;Wake Island;c08;Fibreboard;c08_2;Fibreboard, MDF/HDF;NA;NA;NA;NA;0;NA;NA
243;Wallis and Futuna Islands;c08;Fibreboard;c08_2;Fibreboard, MDF/HDF;NA;NA;NA;NA;0;NA;NA
248;Yugoslav SFR;c08;Fibreboard;c08_2;Fibreboard, MDF/HDF;NA;NA;NA;NA;0;NA;NA
258;Anguilla;c08;Fibreboard;c08_2;Fibreboard, MDF/HDF;NA;NA;NA;NA;0;NA;NA
279;Curaçao;c08;Fibreboard;c08_2;Fibreboard, MDF/HDF;NA;NA;NA;NA;0;NA;NA
281;Saint-Martin (French Part);c08;Fibreboard;c08_2;Fibreboard, MDF/HDF;NA;NA;NA;NA;0;NA;NA
299;Palestine;c08;Fibreboard;c08_2;Fibreboard, MDF/HDF;NA;NA;NA;NA;0;NA;NA
252;Unspecified Area;c08;Fibreboard;c08_2;Fibreboard, MDF/HDF;NA;NA;NA;NA;0;NA;NA
254;Others (adjustment);c08;Fibreboard;c08_2;Fibreboard, MDF/HDF;NA;NA;NA;NA;0;NA;NA
999;RoW;c08;Fibreboard;c08_2;Fibreboard, MDF/HDF;NA;NA;NA;NA;0;NA;NA
;ASI;c08;Fibreboard;c08_2;Fibreboard, MDF/HDF;9;0;7;85;0;FAO, ITTO and United Nations (2020);NA
;EUR;c08;Fibreboard;c08_2;Fibreboard, MDF/HDF;9;3;6;83;0;FAO, ITTO and United Nations (2020);NA
;AFR;c08;Fibreboard;c08_2;Fibreboard, MDF/HDF;NA;NA;NA;NA;0;NA;NA
;LAM;c08;Fibreboard;c08_2;Fibreboard, MDF/HDF;9;0;7;83;0;FAO, ITTO and United Nations (2020);NA
;OCE;c08;Fibreboard;c08_2;Fibreboard, MDF/HDF;NA;NA;NA;NA;0;NA;NA
;NAM;c08;Fibreboard;c08_2;Fibreboard, MDF/HDF;NA;NA;NA;NA;0;NA;NA
1;Armenia;c08;Fibreboard;c08_3;Fibreboard, other;NA;NA;NA;NA;0;NA;NA
2;Afghanistan;c08;Fibreboard;c08_3;Fibreboard, other;NA;NA;NA;NA;0;NA;NA
3;Albania;c08;Fibreboard;c08_3;Fibreboard, other;NA;NA;NA;NA;0;NA;NA
4;Algeria;c08;Fibreboard;c08_3;Fibreboard, other;NA;NA;NA;NA;0;NA;NA
6;Andorra;c08;Fibreboard;c08_3;Fibreboard, other;NA;NA;NA;NA;0;NA;NA
7;Angola;c08;Fibreboard;c08_3;Fibreboard, other;NA;NA;NA;NA;0;NA;NA
9;Argentina;c08;Fibreboard;c08_3;Fibreboard, other;NA;NA;NA;NA;0;NA;NA
10;Australia;c08;Fibreboard;c08_3;Fibreboard, other;NA;NA;NA;NA;0;NA;NA
11;Austria;c08;Fibreboard;c08_3;Fibreboard, other;NA;NA;NA;NA;0;NA;NA
12;Bahamas;c08;Fibreboard;c08_3;Fibreboard, other;NA;NA;NA;NA;0;NA;NA
13;Bahrain;c08;Fibreboard;c08_3;Fibreboard, other;NA;NA;NA;NA;0;NA;NA
14;Barbados;c08;Fibreboard;c08_3;Fibreboard, other;NA;NA;NA;NA;0;NA;NA
15;Belgium-Luxembourg;c08;Fibreboard;c08_3;Fibreboard, other;NA;NA;NA;NA;0;NA;NA
16;Bangladesh;c08;Fibreboard;c08_3;Fibreboard, other;NA;NA;NA;NA;0;NA;NA
18;Bhutan;c08;Fibreboard;c08_3;Fibreboard, other;NA;NA;NA;NA;0;NA;NA
19;Bolivia (Plurinational State of);c08;Fibreboard;c08_3;Fibreboard, other;NA;NA;NA;NA;0;NA;NA
20;Botswana;c08;Fibreboard;c08_3;Fibreboard, other;NA;NA;NA;NA;0;NA;NA
21;Brazil;c08;Fibreboard;c08_3;Fibreboard, other;NA;NA;NA;NA;0;NA;NA
22;Aruba;c08;Fibreboard;c08_3;Fibreboard, other;NA;NA;NA;NA;0;NA;NA
23;Belize;c08;Fibreboard;c08_3;Fibreboard, other;NA;NA;NA;NA;0;NA;NA
25;Solomon Islands;c08;Fibreboard;c08_3;Fibreboard, other;NA;NA;NA;NA;0;NA;NA
26;Brunei Darussalam;c08;Fibreboard;c08_3;Fibreboard, other;NA;NA;NA;NA;0;NA;NA
27;Bulgaria;c08;Fibreboard;c08_3;Fibreboard, other;NA;NA;NA;NA;0;NA;NA
28;Myanmar;c08;Fibreboard;c08_3;Fibreboard, other;NA;NA;NA;NA;0;NA;NA
29;Burundi;c08;Fibreboard;c08_3;Fibreboard, other;NA;NA;NA;NA;0;NA;NA
32;Cameroon;c08;Fibreboard;c08_3;Fibreboard, other;NA;NA;NA;NA;0;NA;NA
33;Canada;c08;Fibreboard;c08_3;Fibreboard, other;NA;NA;NA;NA;0;NA;NA
35;Cabo Verde;c08;Fibreboard;c08_3;Fibreboard, other;NA;NA;NA;NA;0;NA;NA
37;Central African Republic;c08;Fibreboard;c08_3;Fibreboard, other;NA;NA;NA;NA;0;NA;NA
38;Sri Lanka;c08;Fibreboard;c08_3;Fibreboard, other;NA;NA;NA;NA;0;NA;NA
39;Chad;c08;Fibreboard;c08_3;Fibreboard, other;NA;NA;NA;NA;0;NA;NA
40;Chile;c08;Fibreboard;c08_3;Fibreboard, other;NA;NA;NA;NA;0;NA;NA
41;China, mainland;c08;Fibreboard;c08_3;Fibreboard, other;NA;NA;NA;NA;0;NA;NA
42;Christmas Island;c08;Fibreboard;c08_3;Fibreboard, other;NA;NA;NA;NA;0;NA;NA
44;Colombia;c08;Fibreboard;c08_3;Fibreboard, other;NA;NA;NA;NA;0;NA;NA
45;Comoros;c08;Fibreboard;c08_3;Fibreboard, other;NA;NA;NA;NA;0;NA;NA
46;Congo;c08;Fibreboard;c08_3;Fibreboard, other;NA;NA;NA;NA;0;NA;NA
47;Cook Islands;c08;Fibreboard;c08_3;Fibreboard, other;NA;NA;NA;NA;0;NA;NA
48;Costa Rica;c08;Fibreboard;c08_3;Fibreboard, other;NA;NA;NA;NA;0;NA;NA
49;Cuba;c08;Fibreboard;c08_3;Fibreboard, other;NA;NA;NA;NA;0;NA;NA
50;Cyprus;c08;Fibreboard;c08_3;Fibreboard, other;NA;NA;NA;NA;0;NA;NA
51;Czechoslovakia;c08;Fibreboard;c08_3;Fibreboard, other;NA;NA;NA;NA;0;NA;NA
52;Azerbaijan;c08;Fibreboard;c08_3;Fibreboard, other;NA;NA;NA;NA;0;NA;NA
53;Benin;c08;Fibreboard;c08_3;Fibreboard, other;NA;NA;NA;NA;0;NA;NA
54;Denmark;c08;Fibreboard;c08_3;Fibreboard, other;NA;NA;NA;NA;0;NA;NA
55;Dominica;c08;Fibreboard;c08_3;Fibreboard, other;NA;NA;NA;NA;0;NA;NA
56;Dominican Republic;c08;Fibreboard;c08_3;Fibreboard, other;NA;NA;NA;NA;0;NA;NA
57;Belarus;c08;Fibreboard;c08_3;Fibreboard, other;NA;NA;NA;NA;0;NA;NA
58;Ecuador;c08;Fibreboard;c08_3;Fibreboard, other;NA;NA;NA;NA;0;NA;NA
59;Egypt;c08;Fibreboard;c08_3;Fibreboard, other;NA;NA;NA;NA;0;NA;NA
60;El Salvador;c08;Fibreboard;c08_3;Fibreboard, other;NA;NA;NA;NA;0;NA;NA
61;Equatorial Guinea;c08;Fibreboard;c08_3;Fibreboard, other;NA;NA;NA;NA;0;NA;NA
63;Faroe Islands;c08;Fibreboard;c08_3;Fibreboard, other;NA;NA;NA;NA;0;NA;NA
64;Falkland Islands (Malvinas);c08;Fibreboard;c08_3;Fibreboard, other;NA;NA;NA;NA;0;NA;NA
65;Fiji;c08;Fibreboard;c08_3;Fibreboard, other;NA;NA;NA;NA;0;NA;NA
66;Finland;c08;Fibreboard;c08_3;Fibreboard, other;NA;NA;NA;NA;0;NA;NA
67;France;c08;Fibreboard;c08_3;Fibreboard, other;5;0;6;89;0;FAO, ITTO and United Nations (2020);NA
68;French Guyana;c08;Fibreboard;c08_3;Fibreboard, other;NA;NA;NA;NA;0;NA;NA
69;French Polynesia;c08;Fibreboard;c08_3;Fibreboard, other;NA;NA;NA;NA;0;NA;NA
70;Djibouti;c08;Fibreboard;c08_3;Fibreboard, other;NA;NA;NA;NA;0;NA;NA
72;Georgia;c08;Fibreboard;c08_3;Fibreboard, other;NA;NA;NA;NA;0;NA;NA
73;Gabon;c08;Fibreboard;c08_3;Fibreboard, other;NA;NA;NA;NA;0;NA;NA
74;Gambia;c08;Fibreboard;c08_3;Fibreboard, other;NA;NA;NA;NA;0;NA;NA
75;Germany;c08;Fibreboard;c08_3;Fibreboard, other;NA;NA;NA;NA;0;NA;NA
79;Bosnia and Herzegovina;c08;Fibreboard;c08_3;Fibreboard, other;NA;NA;NA;NA;0;NA;NA
80;Ghana;c08;Fibreboard;c08_3;Fibreboard, other;NA;NA;NA;NA;0;NA;NA
81;Gibraltar;c08;Fibreboard;c08_3;Fibreboard, other;NA;NA;NA;NA;0;NA;NA
82;Kiribati;c08;Fibreboard;c08_3;Fibreboard, other;NA;NA;NA;NA;0;NA;NA
83;Greece;c08;Fibreboard;c08_3;Fibreboard, other;NA;NA;NA;NA;0;NA;NA
84;Guadeloupe;c08;Fibreboard;c08_3;Fibreboard, other;NA;NA;NA;NA;0;NA;NA
87;Guatemala;c08;Fibreboard;c08_3;Fibreboard, other;NA;NA;NA;NA;0;NA;NA
89;Guinea;c08;Fibreboard;c08_3;Fibreboard, other;NA;NA;NA;NA;0;NA;NA
90;Guyana;c08;Fibreboard;c08_3;Fibreboard, other;NA;NA;NA;NA;0;NA;NA
91;Haiti;c08;Fibreboard;c08_3;Fibreboard, other;NA;NA;NA;NA;0;NA;NA
93;Honduras;c08;Fibreboard;c08_3;Fibreboard, other;NA;NA;NA;NA;0;NA;NA
95;China, Hong Kong SAR;c08;Fibreboard;c08_3;Fibreboard, other;NA;NA;NA;NA;0;NA;NA
96;Hungary;c08;Fibreboard;c08_3;Fibreboard, other;NA;NA;NA;NA;0;NA;NA
97;Croatia;c08;Fibreboard;c08_3;Fibreboard, other;NA;NA;NA;NA;0;NA;NA
98;Iceland;c08;Fibreboard;c08_3;Fibreboard, other;NA;NA;NA;NA;0;NA;NA
99;India;c08;Fibreboard;c08_3;Fibreboard, other;NA;NA;NA;NA;0;NA;NA
100;Indonesia;c08;Fibreboard;c08_3;Fibreboard, other;NA;NA;NA;NA;0;NA;NA
101;Iran (Islamic Republic of);c08;Fibreboard;c08_3;Fibreboard, other;NA;NA;NA;NA;0;NA;NA
102;Iraq;c08;Fibreboard;c08_3;Fibreboard, other;NA;NA;NA;NA;0;NA;NA
103;Ireland;c08;Fibreboard;c08_3;Fibreboard, other;NA;NA;NA;NA;0;NA;NA
104;Israel;c08;Fibreboard;c08_3;Fibreboard, other;NA;NA;NA;NA;0;NA;NA
105;Italy;c08;Fibreboard;c08_3;Fibreboard, other;NA;NA;NA;NA;0;NA;NA
106;Cote d'Ivoire;c08;Fibreboard;c08_3;Fibreboard, other;NA;NA;NA;NA;0;NA;NA
107;Kazakhstan;c08;Fibreboard;c08_3;Fibreboard, other;NA;NA;NA;NA;0;NA;NA
108;Jamaica;c08;Fibreboard;c08_3;Fibreboard, other;NA;NA;NA;NA;0;NA;NA
109;Japan;c08;Fibreboard;c08_3;Fibreboard, other;NA;NA;NA;NA;0;NA;NA
110;Jordan;c08;Fibreboard;c08_3;Fibreboard, other;NA;NA;NA;NA;0;NA;NA
112;Kyrgyzstan;c08;Fibreboard;c08_3;Fibreboard, other;NA;NA;NA;NA;0;NA;NA
113;Kenya;c08;Fibreboard;c08_3;Fibreboard, other;NA;NA;NA;NA;0;NA;NA
114;Cambodia;c08;Fibreboard;c08_3;Fibreboard, other;NA;NA;NA;NA;0;NA;NA
115;Democratic People's Republic of Korea;c08;Fibreboard;c08_3;Fibreboard, other;NA;NA;NA;NA;0;NA;NA
116;Republic of Korea;c08;Fibreboard;c08_3;Fibreboard, other;NA;NA;NA;NA;0;NA;NA
117;Kuwait;c08;Fibreboard;c08_3;Fibreboard, other;NA;NA;NA;NA;0;NA;NA
118;Latvia;c08;Fibreboard;c08_3;Fibreboard, other;NA;NA;NA;NA;0;NA;NA
119;Lao People's Democratic Republic;c08;Fibreboard;c08_3;Fibreboard, other;NA;NA;NA;NA;0;NA;NA
120;Lebanon;c08;Fibreboard;c08_3;Fibreboard, other;NA;NA;NA;NA;0;NA;NA
121;Lesotho;c08;Fibreboard;c08_3;Fibreboard, other;NA;NA;NA;NA;0;NA;NA
122;Liberia;c08;Fibreboard;c08_3;Fibreboard, other;NA;NA;NA;NA;0;NA;NA
123;Libya;c08;Fibreboard;c08_3;Fibreboard, other;NA;NA;NA;NA;0;NA;NA
124;Liechtenstein;c08;Fibreboard;c08_3;Fibreboard, other;NA;NA;NA;NA;0;NA;NA
125;Lithuania;c08;Fibreboard;c08_3;Fibreboard, other;NA;NA;NA;NA;0;NA;NA
126;China, Macao SAR;c08;Fibreboard;c08_3;Fibreboard, other;NA;NA;NA;NA;0;NA;NA
128;Madagascar;c08;Fibreboard;c08_3;Fibreboard, other;NA;NA;NA;NA;0;NA;NA
129;Malawi;c08;Fibreboard;c08_3;Fibreboard, other;NA;NA;NA;NA;0;NA;NA
130;Malaysia;c08;Fibreboard;c08_3;Fibreboard, other;NA;NA;NA;NA;0;NA;NA
131;Maldives;c08;Fibreboard;c08_3;Fibreboard, other;NA;NA;NA;NA;0;NA;NA
132;Mali;c08;Fibreboard;c08_3;Fibreboard, other;NA;NA;NA;NA;0;NA;NA
133;Malta;c08;Fibreboard;c08_3;Fibreboard, other;NA;NA;NA;NA;0;NA;NA
134;Martinique;c08;Fibreboard;c08_3;Fibreboard, other;NA;NA;NA;NA;0;NA;NA
135;Mauritania;c08;Fibreboard;c08_3;Fibreboard, other;NA;NA;NA;NA;0;NA;NA
136;Mauritius;c08;Fibreboard;c08_3;Fibreboard, other;NA;NA;NA;NA;0;NA;NA
137;Mexico;c08;Fibreboard;c08_3;Fibreboard, other;NA;NA;NA;NA;0;NA;NA
138;Mongolia;c08;Fibreboard;c08_3;Fibreboard, other;NA;NA;NA;NA;0;NA;NA
141;Morocco;c08;Fibreboard;c08_3;Fibreboard, other;NA;NA;NA;NA;0;NA;NA
143;Mozambique;c08;Fibreboard;c08_3;Fibreboard, other;NA;NA;NA;NA;0;NA;NA
144;Micronesia (Federated States of);c08;Fibreboard;c08_3;Fibreboard, other;NA;NA;NA;NA;0;NA;NA
145;Republic of Moldova;c08;Fibreboard;c08_3;Fibreboard, other;NA;NA;NA;NA;0;NA;NA
146;Namibia;c08;Fibreboard;c08_3;Fibreboard, other;NA;NA;NA;NA;0;NA;NA
147;Nepal;c08;Fibreboard;c08_3;Fibreboard, other;NA;NA;NA;NA;0;NA;NA
149;Netherlands;c08;Fibreboard;c08_3;Fibreboard, other;NA;NA;NA;NA;0;NA;NA
150;Netherlands Antilles;c08;Fibreboard;c08_3;Fibreboard, other;NA;NA;NA;NA;0;NA;NA
151;New Caledonia;c08;Fibreboard;c08_3;Fibreboard, other;NA;NA;NA;NA;0;NA;NA
153;North Macedonia;c08;Fibreboard;c08_3;Fibreboard, other;NA;NA;NA;NA;0;NA;NA
154;Vanuatu;c08;Fibreboard;c08_3;Fibreboard, other;NA;NA;NA;NA;0;NA;NA
155;New Zealand;c08;Fibreboard;c08_3;Fibreboard, other;NA;NA;NA;NA;0;NA;NA
156;Nicaragua;c08;Fibreboard;c08_3;Fibreboard, other;NA;NA;NA;NA;0;NA;NA
157;Niger;c08;Fibreboard;c08_3;Fibreboard, other;NA;NA;NA;NA;0;NA;NA
158;Nigeria;c08;Fibreboard;c08_3;Fibreboard, other;NA;NA;NA;NA;0;NA;NA
159;Niue;c08;Fibreboard;c08_3;Fibreboard, other;NA;NA;NA;NA;0;NA;NA
160;Norfolk Island;c08;Fibreboard;c08_3;Fibreboard, other;NA;NA;NA;NA;0;NA;NA
161;Norway;c08;Fibreboard;c08_3;Fibreboard, other;NA;NA;NA;NA;0;NA;NA
162;Pakistan;c08;Fibreboard;c08_3;Fibreboard, other;NA;NA;NA;NA;0;NA;NA
165;Panama;c08;Fibreboard;c08_3;Fibreboard, other;NA;NA;NA;NA;0;NA;NA
166;Czechia;c08;Fibreboard;c08_3;Fibreboard, other;NA;NA;NA;NA;0;NA;NA
167;Papua New Guinea;c08;Fibreboard;c08_3;Fibreboard, other;NA;NA;NA;NA;0;NA;NA
168;Paraguay;c08;Fibreboard;c08_3;Fibreboard, other;NA;NA;NA;NA;0;NA;NA
169;Peru;c08;Fibreboard;c08_3;Fibreboard, other;NA;NA;NA;NA;0;NA;NA
170;Philippines;c08;Fibreboard;c08_3;Fibreboard, other;NA;NA;NA;NA;0;NA;NA
171;Poland;c08;Fibreboard;c08_3;Fibreboard, other;5;NA;5;90;0;FAO, ITTO and United Nations (2020);NA
173;Portugal;c08;Fibreboard;c08_3;Fibreboard, other;NA;NA;NA;NA;0;NA;NA
174;Guinea-Bissau;c08;Fibreboard;c08_3;Fibreboard, other;NA;NA;NA;NA;0;NA;NA
175;Timor-Leste;c08;Fibreboard;c08_3;Fibreboard, other;NA;NA;NA;NA;0;NA;NA
176;Eritrea;c08;Fibreboard;c08_3;Fibreboard, other;NA;NA;NA;NA;0;NA;NA
178;Qatar;c08;Fibreboard;c08_3;Fibreboard, other;NA;NA;NA;NA;0;NA;NA
179;Zimbabwe;c08;Fibreboard;c08_3;Fibreboard, other;NA;NA;NA;NA;0;NA;NA
181;Reunion;c08;Fibreboard;c08_3;Fibreboard, other;NA;NA;NA;NA;0;NA;NA
182;Romania;c08;Fibreboard;c08_3;Fibreboard, other;NA;NA;NA;NA;0;NA;NA
183;Rwanda;c08;Fibreboard;c08_3;Fibreboard, other;NA;NA;NA;NA;0;NA;NA
184;Russian Federation;c08;Fibreboard;c08_3;Fibreboard, other;NA;NA;NA;NA;0;NA;NA
185;Serbia and Montenegro;c08;Fibreboard;c08_3;Fibreboard, other;NA;NA;NA;NA;0;NA;NA
186;Saint Lucia;c08;Fibreboard;c08_3;Fibreboard, other;NA;NA;NA;NA;0;NA;NA
189;Saint Pierre and Miquelon;c08;Fibreboard;c08_3;Fibreboard, other;NA;NA;NA;NA;0;NA;NA
190;Saint Vincent and the Grenadines;c08;Fibreboard;c08_3;Fibreboard, other;NA;NA;NA;NA;0;NA;NA
191;Sao Tome and Principe;c08;Fibreboard;c08_3;Fibreboard, other;NA;NA;NA;NA;0;NA;NA
193;Saudi Arabia;c08;Fibreboard;c08_3;Fibreboard, other;NA;NA;NA;NA;0;NA;NA
194;Senegal;c08;Fibreboard;c08_3;Fibreboard, other;NA;NA;NA;NA;0;NA;NA
195;Seychelles;c08;Fibreboard;c08_3;Fibreboard, other;NA;NA;NA;NA;0;NA;NA
196;Sierra Leone;c08;Fibreboard;c08_3;Fibreboard, other;NA;NA;NA;NA;0;NA;NA
197;Slovenia;c08;Fibreboard;c08_3;Fibreboard, other;NA;NA;NA;NA;0;NA;NA
198;Slovakia;c08;Fibreboard;c08_3;Fibreboard, other;2;NA;6;NA;0;NA;NA
199;Singapore;c08;Fibreboard;c08_3;Fibreboard, other;NA;NA;NA;NA;0;NA;NA
200;Somalia;c08;Fibreboard;c08_3;Fibreboard, other;NA;NA;NA;NA;0;NA;NA
201;South Africa;c08;Fibreboard;c08_3;Fibreboard, other;NA;NA;NA;NA;0;NA;NA
202;Spain;c08;Fibreboard;c08_3;Fibreboard, other;NA;NA;NA;NA;0;NA;NA
203;Tajikistan;c08;Fibreboard;c08_3;Fibreboard, other;NA;NA;NA;NA;0;NA;NA
207;Eswatini;c08;Fibreboard;c08_3;Fibreboard, other;NA;NA;NA;NA;0;NA;NA
208;Sweden;c08;Fibreboard;c08_3;Fibreboard, other;NA;NA;NA;NA;0;NA;NA
209;Switzerland;c08;Fibreboard;c08_3;Fibreboard, other;NA;NA;NA;NA;0;NA;NA
210;Syrian Arab Republic;c08;Fibreboard;c08_3;Fibreboard, other;NA;NA;NA;NA;0;NA;NA
211;Turkmenistan;c08;Fibreboard;c08_3;Fibreboard, other;NA;NA;NA;NA;0;NA;NA
212;China, Taiwan Province of;c08;Fibreboard;c08_3;Fibreboard, other;NA;NA;NA;NA;0;NA;NA
213;United Republic of Tanzania;c08;Fibreboard;c08_3;Fibreboard, other;NA;NA;NA;NA;0;NA;NA
214;Thailand;c08;Fibreboard;c08_3;Fibreboard, other;NA;NA;NA;NA;0;NA;NA
215;Togo;c08;Fibreboard;c08_3;Fibreboard, other;NA;NA;NA;NA;0;NA;NA
216;Tonga;c08;Fibreboard;c08_3;Fibreboard, other;NA;NA;NA;NA;0;NA;NA
217;Trinidad and Tobago;c08;Fibreboard;c08_3;Fibreboard, other;NA;NA;NA;NA;0;NA;NA
219;Oman;c08;Fibreboard;c08_3;Fibreboard, other;NA;NA;NA;NA;0;NA;NA
220;Tunisia;c08;Fibreboard;c08_3;Fibreboard, other;NA;NA;NA;NA;0;NA;NA
221;Turkey;c08;Fibreboard;c08_3;Fibreboard, other;NA;NA;NA;NA;0;NA;NA
222;Turks and Caicos Islands;c08;Fibreboard;c08_3;Fibreboard, other;NA;NA;NA;NA;0;NA;NA
223;United Arab Emirates;c08;Fibreboard;c08_3;Fibreboard, other;NA;NA;NA;NA;0;NA;NA
224;Uganda;c08;Fibreboard;c08_3;Fibreboard, other;NA;NA;NA;NA;0;NA;NA
225;United Kingdom;c08;Fibreboard;c08_3;Fibreboard, other;NA;NA;NA;NA;0;NA;NA
226;Ukraine;c08;Fibreboard;c08_3;Fibreboard, other;NA;NA;NA;NA;0;NA;NA
229;United States of America;c08;Fibreboard;c08_3;Fibreboard, other;NA;NA;NA;NA;0;NA;NA
230;Burkina Faso;c08;Fibreboard;c08_3;Fibreboard, other;NA;NA;NA;NA;0;NA;NA
231;Uruguay;c08;Fibreboard;c08_3;Fibreboard, other;NA;NA;NA;NA;0;NA;NA
233;Uzbekistan;c08;Fibreboard;c08_3;Fibreboard, other;NA;NA;NA;NA;0;NA;NA
234;Venezuela (Bolivarian Republic of);c08;Fibreboard;c08_3;Fibreboard, other;NA;NA;NA;NA;0;NA;NA
235;Viet Nam;c08;Fibreboard;c08_3;Fibreboard, other;NA;NA;NA;NA;0;NA;NA
236;Ethiopia;c08;Fibreboard;c08_3;Fibreboard, other;NA;NA;NA;NA;0;NA;NA
237;British Virgin Islands;c08;Fibreboard;c08_3;Fibreboard, other;NA;NA;NA;NA;0;NA;NA
238;Samoa;c08;Fibreboard;c08_3;Fibreboard, other;NA;NA;NA;NA;0;NA;NA
239;Yemen;c08;Fibreboard;c08_3;Fibreboard, other;NA;NA;NA;NA;0;NA;NA
244;Democratic Republic of the Congo;c08;Fibreboard;c08_3;Fibreboard, other;NA;NA;NA;NA;0;NA;NA
249;Zambia;c08;Fibreboard;c08_3;Fibreboard, other;NA;NA;NA;NA;0;NA;NA
250;Belgium;c08;Fibreboard;c08_3;Fibreboard, other;NA;NA;NA;NA;0;NA;NA
251;Luxembourg;c08;Fibreboard;c08_3;Fibreboard, other;NA;NA;NA;NA;0;NA;NA
255;Mayotte;c08;Fibreboard;c08_3;Fibreboard, other;NA;NA;NA;NA;0;NA;NA
256;Serbia;c08;Fibreboard;c08_3;Fibreboard, other;NA;NA;NA;NA;0;NA;NA
270;Montenegro;c08;Fibreboard;c08_3;Fibreboard, other;NA;NA;NA;NA;0;NA;NA
272;Sudan;c08;Fibreboard;c08_3;Fibreboard, other;NA;NA;NA;NA;0;NA;NA
273;South Sudan;c08;Fibreboard;c08_3;Fibreboard, other;NA;NA;NA;NA;0;NA;NA
276;American Samoa;c08;Fibreboard;c08_3;Fibreboard, other;NA;NA;NA;NA;0;NA;NA
277;Antigua and Barbuda;c08;Fibreboard;c08_3;Fibreboard, other;NA;NA;NA;NA;0;NA;NA
5;American Samoa;c08;Fibreboard;c08_3;Fibreboard, other;NA;NA;NA;NA;0;NA;NA
8;Antigua and Barbuda;c08;Fibreboard;c08_3;Fibreboard, other;NA;NA;NA;NA;0;NA;NA
17;Bermuda;c08;Fibreboard;c08_3;Fibreboard, other;NA;NA;NA;NA;0;NA;NA
24;British Indian Ocean Territory;c08;Fibreboard;c08_3;Fibreboard, other;NA;NA;NA;NA;0;NA;NA
36;Cayman Islands;c08;Fibreboard;c08_3;Fibreboard, other;NA;NA;NA;NA;0;NA;NA
43;Cocos (Keeling) Islands;c08;Fibreboard;c08_3;Fibreboard, other;NA;NA;NA;NA;0;NA;NA
71;French Southern and Antarctic Territories;c08;Fibreboard;c08_3;Fibreboard, other;NA;NA;NA;NA;0;NA;NA
85;Greenland;c08;Fibreboard;c08_3;Fibreboard, other;NA;NA;NA;NA;0;NA;NA
86;Grenada;c08;Fibreboard;c08_3;Fibreboard, other;NA;NA;NA;NA;0;NA;NA
88;Guam;c08;Fibreboard;c08_3;Fibreboard, other;NA;NA;NA;NA;0;NA;NA
94;Holy See;c08;Fibreboard;c08_3;Fibreboard, other;NA;NA;NA;NA;0;NA;NA
127;Marshall Islands;c08;Fibreboard;c08_3;Fibreboard, other;NA;NA;NA;NA;0;NA;NA
142;Montserrat;c08;Fibreboard;c08_3;Fibreboard, other;NA;NA;NA;NA;0;NA;NA
148;Nauru;c08;Fibreboard;c08_3;Fibreboard, other;NA;NA;NA;NA;0;NA;NA
163;Northern Mariana Islands;c08;Fibreboard;c08_3;Fibreboard, other;NA;NA;NA;NA;0;NA;NA
164;Pacific Islands Trust Territory;c08;Fibreboard;c08_3;Fibreboard, other;NA;NA;NA;NA;0;NA;NA
172;Pitcairn Islands;c08;Fibreboard;c08_3;Fibreboard, other;NA;NA;NA;NA;0;NA;NA
180;Palau;c08;Fibreboard;c08_3;Fibreboard, other;NA;NA;NA;NA;0;NA;NA
187;Saint Helena, Ascension and Tristan da Cunha;c08;Fibreboard;c08_3;Fibreboard, other;NA;NA;NA;NA;0;NA;NA
188;Saint Kitts and Nevis;c08;Fibreboard;c08_3;Fibreboard, other;NA;NA;NA;NA;0;NA;NA
192;San Marino;c08;Fibreboard;c08_3;Fibreboard, other;NA;NA;NA;NA;0;NA;NA
205;Western Sahara;c08;Fibreboard;c08_3;Fibreboard, other;NA;NA;NA;NA;0;NA;NA
218;Tokelau;c08;Fibreboard;c08_3;Fibreboard, other;NA;NA;NA;NA;0;NA;NA
227;Tuvalu;c08;Fibreboard;c08_3;Fibreboard, other;NA;NA;NA;NA;0;NA;NA
228;USSR;c08;Fibreboard;c08_3;Fibreboard, other;NA;NA;NA;NA;0;NA;NA
242;Wake Island;c08;Fibreboard;c08_3;Fibreboard, other;NA;NA;NA;NA;0;NA;NA
243;Wallis and Futuna Islands;c08;Fibreboard;c08_3;Fibreboard, other;NA;NA;NA;NA;0;NA;NA
248;Yugoslav SFR;c08;Fibreboard;c08_3;Fibreboard, other;NA;NA;NA;NA;0;NA;NA
258;Anguilla;c08;Fibreboard;c08_3;Fibreboard, other;NA;NA;NA;NA;0;NA;NA
279;Curaçao;c08;Fibreboard;c08_3;Fibreboard, other;NA;NA;NA;NA;0;NA;NA
281;Saint-Martin (French Part);c08;Fibreboard;c08_3;Fibreboard, other;NA;NA;NA;NA;0;NA;NA
299;Palestine;c08;Fibreboard;c08_3;Fibreboard, other;NA;NA;NA;NA;0;NA;NA
252;Unspecified Area;c08;Fibreboard;c08_3;Fibreboard, other;NA;NA;NA;NA;0;NA;NA
254;Others (adjustment);c08;Fibreboard;c08_3;Fibreboard, other;NA;NA;NA;NA;0;NA;NA
999;RoW;c08;Fibreboard;c08_3;Fibreboard, other;NA;NA;NA;NA;0;NA;NA
;ASI;c08;Fibreboard;c08_3;Fibreboard, other;NA;NA;NA;NA;0;NA;NA
;EUR;c08;Fibreboard;c08_3;Fibreboard, other;4;0;6;90;0;FAO, ITTO and United Nations (2020);NA
;AFR;c08;Fibreboard;c08_3;Fibreboard, other;NA;NA;NA;NA;0;NA;NA
;LAM;c08;Fibreboard;c08_3;Fibreboard, other;NA;NA;NA;NA;0;NA;NA
;OCE;c08;Fibreboard;c08_3;Fibreboard, other;NA;NA;NA;NA;0;NA;NA
;NAM;c08;Fibreboard;c08_3;Fibreboard, other;NA;NA;NA;NA;0;NA;NA
1;Armenia;c09;Particle board;NA;NA;NA;NA;NA;NA;NA;NA;NA
2;Afghanistan;c09;Particle board;NA;NA;NA;NA;NA;NA;NA;NA;NA
3;Albania;c09;Particle board;NA;NA;NA;NA;NA;NA;NA;NA;NA
4;Algeria;c09;Particle board;NA;NA;NA;NA;NA;NA;NA;NA;NA
6;Andorra;c09;Particle board;NA;NA;NA;NA;NA;NA;NA;NA;NA
7;Angola;c09;Particle board;NA;NA;NA;NA;NA;NA;NA;NA;NA
9;Argentina;c09;Particle board;NA;NA;NA;NA;NA;NA;NA;NA;NA
10;Australia;c09;Particle board;NA;NA;NA;NA;NA;NA;NA;NA;NA
11;Austria;c09;Particle board;NA;NA;NA;NA;NA;NA;NA;NA;NA
12;Bahamas;c09;Particle board;NA;NA;NA;NA;NA;NA;NA;NA;NA
13;Bahrain;c09;Particle board;NA;NA;NA;NA;NA;NA;NA;NA;NA
14;Barbados;c09;Particle board;NA;NA;NA;NA;NA;NA;NA;NA;NA
15;Belgium-Luxembourg;c09;Particle board;NA;NA;NA;NA;NA;NA;NA;NA;NA
16;Bangladesh;c09;Particle board;NA;NA;NA;NA;NA;NA;NA;NA;NA
18;Bhutan;c09;Particle board;NA;NA;NA;NA;NA;NA;NA;NA;NA
19;Bolivia (Plurinational State of);c09;Particle board;NA;NA;NA;NA;NA;NA;NA;NA;NA
20;Botswana;c09;Particle board;NA;NA;NA;NA;NA;NA;NA;NA;NA
21;Brazil;c09;Particle board;NA;NA;NA;NA;NA;NA;NA;NA;NA
22;Aruba;c09;Particle board;NA;NA;NA;NA;NA;NA;NA;NA;NA
23;Belize;c09;Particle board;NA;NA;NA;NA;NA;NA;NA;NA;NA
25;Solomon Islands;c09;Particle board;NA;NA;NA;NA;NA;NA;NA;NA;NA
26;Brunei Darussalam;c09;Particle board;NA;NA;NA;NA;NA;NA;NA;NA;NA
27;Bulgaria;c09;Particle board;NA;NA;NA;NA;NA;NA;NA;NA;NA
28;Myanmar;c09;Particle board;NA;NA;NA;NA;NA;NA;NA;NA;NA
29;Burundi;c09;Particle board;NA;NA;NA;NA;NA;NA;NA;NA;NA
32;Cameroon;c09;Particle board;NA;NA;NA;NA;NA;NA;NA;NA;NA
33;Canada;c09;Particle board;NA;NA;NA;NA;NA;NA;NA;NA;NA
35;Cabo Verde;c09;Particle board;NA;NA;NA;NA;NA;NA;NA;NA;NA
37;Central African Republic;c09;Particle board;NA;NA;NA;NA;NA;NA;NA;NA;NA
38;Sri Lanka;c09;Particle board;NA;NA;NA;NA;NA;NA;NA;NA;NA
39;Chad;c09;Particle board;NA;NA;NA;NA;NA;NA;NA;NA;NA
40;Chile;c09;Particle board;NA;NA;8;NA;8;84;NA;FAO, ITTO and United Nations (2020);NA
41;China, mainland;c09;Particle board;NA;NA;10;3;8;79;NA;FAO, ITTO and United Nations (2020);NA
42;Christmas Island;c09;Particle board;NA;NA;NA;NA;NA;NA;NA;NA;NA
44;Colombia;c09;Particle board;NA;NA;NA;NA;NA;NA;NA;NA;NA
45;Comoros;c09;Particle board;NA;NA;NA;NA;NA;NA;NA;NA;NA
46;Congo;c09;Particle board;NA;NA;NA;NA;NA;NA;NA;NA;NA
47;Cook Islands;c09;Particle board;NA;NA;NA;NA;NA;NA;NA;NA;NA
48;Costa Rica;c09;Particle board;NA;NA;NA;NA;NA;NA;NA;NA;NA
49;Cuba;c09;Particle board;NA;NA;NA;NA;NA;NA;NA;NA;NA
50;Cyprus;c09;Particle board;NA;NA;NA;NA;NA;NA;NA;NA;NA
51;Czechoslovakia;c09;Particle board;NA;NA;NA;NA;NA;NA;NA;NA;NA
52;Azerbaijan;c09;Particle board;NA;NA;NA;NA;NA;NA;NA;NA;NA
53;Benin;c09;Particle board;NA;NA;NA;NA;NA;NA;NA;NA;NA
54;Denmark;c09;Particle board;NA;NA;NA;NA;NA;NA;50;NA;Vis, Mantau, Allen (Eds.) (2016)
55;Dominica;c09;Particle board;NA;NA;NA;NA;NA;NA;NA;NA;NA
56;Dominican Republic;c09;Particle board;NA;NA;NA;NA;NA;NA;NA;NA;NA
57;Belarus;c09;Particle board;NA;NA;NA;NA;NA;NA;NA;NA;NA
58;Ecuador;c09;Particle board;NA;NA;NA;NA;NA;NA;NA;NA;NA
59;Egypt;c09;Particle board;NA;NA;NA;NA;NA;NA;NA;NA;NA
60;El Salvador;c09;Particle board;NA;NA;NA;NA;NA;NA;NA;NA;NA
61;Equatorial Guinea;c09;Particle board;NA;NA;NA;NA;NA;NA;NA;NA;NA
63;Faroe Islands;c09;Particle board;NA;NA;NA;NA;NA;NA;NA;NA;NA
64;Falkland Islands (Malvinas);c09;Particle board;NA;NA;NA;NA;NA;NA;NA;NA;NA
65;Fiji;c09;Particle board;NA;NA;NA;NA;NA;NA;NA;NA;NA
66;Finland;c09;Particle board;NA;NA;9;5;7;79;NA;FAO, ITTO and United Nations (2020);NA
67;France;c09;Particle board;NA;NA;6;5;7;82;25;FAO, ITTO and United Nations (2020);FAO, ITTO and United Nations (2020)
68;French Guyana;c09;Particle board;NA;NA;NA;NA;NA;NA;NA;NA;NA
69;French Polynesia;c09;Particle board;NA;NA;NA;NA;NA;NA;NA;NA;NA
70;Djibouti;c09;Particle board;NA;NA;NA;NA;NA;NA;NA;NA;NA
72;Georgia;c09;Particle board;NA;NA;NA;NA;NA;NA;NA;NA;NA
73;Gabon;c09;Particle board;NA;NA;NA;NA;NA;NA;NA;NA;NA
74;Gambia;c09;Particle board;NA;NA;NA;NA;NA;NA;NA;NA;NA
75;Germany;c09;Particle board;NA;NA;NA;NA;NA;NA;NA;NA;NA
79;Bosnia and Herzegovina;c09;Particle board;NA;NA;NA;NA;NA;NA;NA;NA;NA
80;Ghana;c09;Particle board;NA;NA;NA;NA;NA;NA;NA;NA;NA
81;Gibraltar;c09;Particle board;NA;NA;NA;NA;NA;NA;NA;NA;NA
82;Kiribati;c09;Particle board;NA;NA;NA;NA;NA;NA;NA;NA;NA
83;Greece;c09;Particle board;NA;NA;NA;NA;NA;NA;NA;NA;NA
84;Guadeloupe;c09;Particle board;NA;NA;NA;NA;NA;NA;NA;NA;NA
87;Guatemala;c09;Particle board;NA;NA;NA;NA;NA;NA;NA;NA;NA
89;Guinea;c09;Particle board;NA;NA;NA;NA;NA;NA;NA;NA;NA
90;Guyana;c09;Particle board;NA;NA;NA;NA;NA;NA;NA;NA;NA
91;Haiti;c09;Particle board;NA;NA;NA;NA;NA;NA;NA;NA;NA
93;Honduras;c09;Particle board;NA;NA;NA;NA;NA;NA;NA;NA;NA
95;China, Hong Kong SAR;c09;Particle board;NA;NA;NA;NA;NA;NA;NA;NA;NA
96;Hungary;c09;Particle board;NA;NA;NA;NA;NA;NA;NA;NA;NA
97;Croatia;c09;Particle board;NA;NA;NA;NA;NA;NA;NA;NA;NA
98;Iceland;c09;Particle board;NA;NA;NA;NA;NA;NA;NA;NA;NA
99;India;c09;Particle board;NA;NA;NA;NA;NA;NA;NA;NA;NA
100;Indonesia;c09;Particle board;NA;NA;9;1;8;82;NA;FAO, ITTO and United Nations (2020);NA
101;Iran (Islamic Republic of);c09;Particle board;NA;NA;NA;NA;NA;NA;NA;NA;NA
102;Iraq;c09;Particle board;NA;NA;NA;NA;NA;NA;NA;NA;NA
103;Ireland;c09;Particle board;NA;NA;8;5;8;79;45;FAO, ITTO and United Nations (2020);FAO, ITTO and United Nations (2020)
104;Israel;c09;Particle board;NA;NA;NA;NA;NA;NA;NA;NA;NA
105;Italy;c09;Particle board;NA;NA;NA;NA;NA;NA;100;NA;Vis, Mantau, Allen (Eds.) (2016)
106;Cote d'Ivoire;c09;Particle board;NA;NA;NA;NA;NA;NA;NA;NA;NA
107;Kazakhstan;c09;Particle board;NA;NA;NA;NA;NA;NA;NA;NA;NA
108;Jamaica;c09;Particle board;NA;NA;NA;NA;NA;NA;NA;NA;NA
109;Japan;c09;Particle board;NA;NA;NA;NA;NA;NA;NA;NA;NA
110;Jordan;c09;Particle board;NA;NA;NA;NA;NA;NA;NA;NA;NA
112;Kyrgyzstan;c09;Particle board;NA;NA;NA;NA;NA;NA;NA;NA;NA
113;Kenya;c09;Particle board;NA;NA;NA;NA;NA;NA;NA;NA;NA
114;Cambodia;c09;Particle board;NA;NA;NA;NA;NA;NA;NA;NA;NA
115;Democratic People's Republic of Korea;c09;Particle board;NA;NA;NA;NA;NA;NA;NA;NA;NA
116;Republic of Korea;c09;Particle board;NA;NA;NA;NA;NA;NA;NA;NA;NA
117;Kuwait;c09;Particle board;NA;NA;NA;NA;NA;NA;NA;NA;NA
118;Latvia;c09;Particle board;NA;NA;NA;NA;NA;NA;NA;NA;NA
119;Lao People's Democratic Republic;c09;Particle board;NA;NA;NA;NA;NA;NA;NA;NA;NA
120;Lebanon;c09;Particle board;NA;NA;NA;NA;NA;NA;NA;NA;NA
121;Lesotho;c09;Particle board;NA;NA;NA;NA;NA;NA;NA;NA;NA
122;Liberia;c09;Particle board;NA;NA;NA;NA;NA;NA;NA;NA;NA
123;Libya;c09;Particle board;NA;NA;NA;NA;NA;NA;NA;NA;NA
124;Liechtenstein;c09;Particle board;NA;NA;NA;NA;NA;NA;NA;NA;NA
125;Lithuania;c09;Particle board;NA;NA;NA;NA;NA;NA;NA;NA;NA
126;China, Macao SAR;c09;Particle board;NA;NA;NA;NA;NA;NA;NA;NA;NA
128;Madagascar;c09;Particle board;NA;NA;NA;NA;NA;NA;NA;NA;NA
129;Malawi;c09;Particle board;NA;NA;NA;NA;NA;NA;NA;NA;NA
130;Malaysia;c09;Particle board;NA;NA;8;NA;7;84;NA;FAO, ITTO and United Nations (2020);NA
131;Maldives;c09;Particle board;NA;NA;NA;NA;NA;NA;NA;NA;NA
132;Mali;c09;Particle board;NA;NA;NA;NA;NA;NA;NA;NA;NA
133;Malta;c09;Particle board;NA;NA;NA;NA;NA;NA;NA;NA;NA
134;Martinique;c09;Particle board;NA;NA;NA;NA;NA;NA;NA;NA;NA
135;Mauritania;c09;Particle board;NA;NA;NA;NA;NA;NA;NA;NA;NA
136;Mauritius;c09;Particle board;NA;NA;NA;NA;NA;NA;NA;NA;NA
137;Mexico;c09;Particle board;NA;NA;9;7;7;77;NA;FAO, ITTO and United Nations (2020);NA
138;Mongolia;c09;Particle board;NA;NA;NA;NA;NA;NA;NA;NA;NA
141;Morocco;c09;Particle board;NA;NA;NA;NA;NA;NA;NA;NA;NA
143;Mozambique;c09;Particle board;NA;NA;NA;NA;NA;NA;NA;NA;NA
144;Micronesia (Federated States of);c09;Particle board;NA;NA;NA;NA;NA;NA;NA;NA;NA
145;Republic of Moldova;c09;Particle board;NA;NA;NA;NA;NA;NA;NA;NA;NA
146;Namibia;c09;Particle board;NA;NA;NA;NA;NA;NA;NA;NA;NA
147;Nepal;c09;Particle board;NA;NA;NA;NA;NA;NA;NA;NA;NA
149;Netherlands;c09;Particle board;NA;NA;NA;NA;NA;NA;NA;NA;NA
150;Netherlands Antilles;c09;Particle board;NA;NA;NA;NA;NA;NA;NA;NA;NA
151;New Caledonia;c09;Particle board;NA;NA;NA;NA;NA;NA;NA;NA;NA
153;North Macedonia;c09;Particle board;NA;NA;NA;NA;NA;NA;NA;NA;NA
154;Vanuatu;c09;Particle board;NA;NA;NA;NA;NA;NA;NA;NA;NA
155;New Zealand;c09;Particle board;NA;NA;NA;NA;NA;NA;NA;NA;NA
156;Nicaragua;c09;Particle board;NA;NA;NA;NA;NA;NA;NA;NA;NA
157;Niger;c09;Particle board;NA;NA;NA;NA;NA;NA;NA;NA;NA
158;Nigeria;c09;Particle board;NA;NA;NA;NA;NA;NA;NA;NA;NA
159;Niue;c09;Particle board;NA;NA;NA;NA;NA;NA;NA;NA;NA
160;Norfolk Island;c09;Particle board;NA;NA;NA;NA;NA;NA;NA;NA;NA
161;Norway;c09;Particle board;NA;NA;9;NA;7;83;NA;FAO, ITTO and United Nations (2020);NA
162;Pakistan;c09;Particle board;NA;NA;NA;NA;NA;NA;NA;NA;NA
165;Panama;c09;Particle board;NA;NA;NA;NA;NA;NA;NA;NA;NA
166;Czechia;c09;Particle board;NA;NA;NA;NA;NA;NA;NA;NA;NA
167;Papua New Guinea;c09;Particle board;NA;NA;NA;NA;NA;NA;NA;NA;NA
168;Paraguay;c09;Particle board;NA;NA;NA;NA;NA;NA;NA;NA;NA
169;Peru;c09;Particle board;NA;NA;NA;NA;NA;NA;NA;NA;NA
170;Philippines;c09;Particle board;NA;NA;NA;NA;NA;NA;NA;NA;NA
171;Poland;c09;Particle board;NA;NA;7;1;7;85;50;FAO, ITTO and United Nations (2020);FAO, ITTO and United Nations (2020)
173;Portugal;c09;Particle board;NA;NA;10;0;7;83;30;FAO, ITTO and United Nations (2020);FAO, ITTO and United Nations (2020)
174;Guinea-Bissau;c09;Particle board;NA;NA;NA;NA;NA;NA;NA;NA;NA
175;Timor-Leste;c09;Particle board;NA;NA;NA;NA;NA;NA;NA;NA;NA
176;Eritrea;c09;Particle board;NA;NA;NA;NA;NA;NA;NA;NA;NA
178;Qatar;c09;Particle board;NA;NA;NA;NA;NA;NA;NA;NA;NA
179;Zimbabwe;c09;Particle board;NA;NA;NA;NA;NA;NA;NA;NA;NA
181;Reunion;c09;Particle board;NA;NA;NA;NA;NA;NA;NA;NA;NA
182;Romania;c09;Particle board;NA;NA;NA;NA;NA;NA;NA;NA;NA
183;Rwanda;c09;Particle board;NA;NA;NA;NA;NA;NA;NA;NA;NA
184;Russian Federation;c09;Particle board;NA;NA;NA;NA;NA;NA;NA;NA;NA
185;Serbia and Montenegro;c09;Particle board;NA;NA;NA;NA;NA;NA;NA;NA;NA
186;Saint Lucia;c09;Particle board;NA;NA;NA;NA;NA;NA;NA;NA;NA
189;Saint Pierre and Miquelon;c09;Particle board;NA;NA;NA;NA;NA;NA;NA;NA;NA
190;Saint Vincent and the Grenadines;c09;Particle board;NA;NA;NA;NA;NA;NA;NA;NA;NA
191;Sao Tome and Principe;c09;Particle board;NA;NA;NA;NA;NA;NA;NA;NA;NA
193;Saudi Arabia;c09;Particle board;NA;NA;NA;NA;NA;NA;NA;NA;NA
194;Senegal;c09;Particle board;NA;NA;NA;NA;NA;NA;NA;NA;NA
195;Seychelles;c09;Particle board;NA;NA;NA;NA;NA;NA;NA;NA;NA
196;Sierra Leone;c09;Particle board;NA;NA;NA;NA;NA;NA;NA;NA;NA
197;Slovenia;c09;Particle board;NA;NA;9;NA;8;83;NA;FAO, ITTO and United Nations (2020);NA
198;Slovakia;c09;Particle board;NA;NA;NA;NA;NA;NA;NA;NA;NA
199;Singapore;c09;Particle board;NA;NA;NA;NA;NA;NA;NA;NA;NA
200;Somalia;c09;Particle board;NA;NA;NA;NA;NA;NA;NA;NA;NA
201;South Africa;c09;Particle board;NA;NA;NA;NA;NA;NA;NA;NA;NA
202;Spain;c09;Particle board;NA;NA;NA;NA;NA;NA;30;NA;Assumption based on Vis, Mantau, Allen (Eds.) (2016) and FAO, ITTO and United Nations (2020)
203;Tajikistan;c09;Particle board;NA;NA;NA;NA;NA;NA;NA;NA;NA
207;Eswatini;c09;Particle board;NA;NA;NA;NA;NA;NA;NA;NA;NA
208;Sweden;c09;Particle board;NA;NA;NA;NA;NA;NA;NA;NA;NA
209;Switzerland;c09;Particle board;NA;NA;NA;NA;NA;NA;0;NA;Vis, Mantau, Allen (Eds.) (2016)
210;Syrian Arab Republic;c09;Particle board;NA;NA;NA;NA;NA;NA;NA;NA;NA
211;Turkmenistan;c09;Particle board;NA;NA;NA;NA;NA;NA;NA;NA;NA
212;China, Taiwan Province of;c09;Particle board;NA;NA;NA;NA;NA;NA;NA;NA;NA
213;United Republic of Tanzania;c09;Particle board;NA;NA;NA;NA;NA;NA;NA;NA;NA
214;Thailand;c09;Particle board;NA;NA;NA;NA;NA;NA;NA;NA;NA
215;Togo;c09;Particle board;NA;NA;NA;NA;NA;NA;NA;NA;NA
216;Tonga;c09;Particle board;NA;NA;NA;NA;NA;NA;NA;NA;NA
217;Trinidad and Tobago;c09;Particle board;NA;NA;NA;NA;NA;NA;NA;NA;NA
219;Oman;c09;Particle board;NA;NA;NA;NA;NA;NA;NA;NA;NA
220;Tunisia;c09;Particle board;NA;NA;NA;NA;NA;NA;NA;NA;NA
221;Turkey;c09;Particle board;NA;NA;NA;NA;NA;NA;NA;NA;NA
222;Turks and Caicos Islands;c09;Particle board;NA;NA;NA;NA;NA;NA;NA;NA;NA
223;United Arab Emirates;c09;Particle board;NA;NA;NA;NA;NA;NA;NA;NA;NA
224;Uganda;c09;Particle board;NA;NA;NA;NA;NA;NA;NA;NA;NA
225;United Kingdom;c09;Particle board;NA;NA;NA;NA;NA;NA;50;NA;Vis, Mantau, Allen (Eds.) (2016)
226;Ukraine;c09;Particle board;NA;NA;9;5;8;88;NA;FAO, ITTO and United Nations (2020);NA
229;United States of America;c09;Particle board;NA;NA;9;1;7;84;NA;FAO, ITTO and United Nations (2020);NA
230;Burkina Faso;c09;Particle board;NA;NA;NA;NA;NA;NA;NA;NA;NA
231;Uruguay;c09;Particle board;NA;NA;NA;NA;NA;NA;NA;NA;NA
233;Uzbekistan;c09;Particle board;NA;NA;NA;NA;NA;NA;NA;NA;NA
234;Venezuela (Bolivarian Republic of);c09;Particle board;NA;NA;NA;NA;NA;NA;NA;NA;NA
235;Viet Nam;c09;Particle board;NA;NA;NA;NA;NA;NA;NA;NA;NA
236;Ethiopia;c09;Particle board;NA;NA;NA;NA;NA;NA;NA;NA;NA
237;British Virgin Islands;c09;Particle board;NA;NA;NA;NA;NA;NA;NA;NA;NA
238;Samoa;c09;Particle board;NA;NA;NA;NA;NA;NA;NA;NA;NA
239;Yemen;c09;Particle board;NA;NA;NA;NA;NA;NA;NA;NA;NA
244;Democratic Republic of the Congo;c09;Particle board;NA;NA;NA;NA;NA;NA;NA;NA;NA
249;Zambia;c09;Particle board;NA;NA;NA;NA;NA;NA;NA;NA;NA
250;Belgium;c09;Particle board;NA;NA;NA;NA;NA;NA;50;NA;Vis, Mantau, Allen (Eds.) (2016)
251;Luxembourg;c09;Particle board;NA;NA;NA;NA;NA;NA;NA;NA;NA
255;Mayotte;c09;Particle board;NA;NA;NA;NA;NA;NA;NA;NA;NA
256;Serbia;c09;Particle board;NA;NA;NA;NA;NA;NA;NA;NA;NA
270;Montenegro;c09;Particle board;NA;NA;NA;NA;NA;NA;NA;NA;NA
272;Sudan;c09;Particle board;NA;NA;NA;NA;NA;NA;NA;NA;NA
273;South Sudan;c09;Particle board;NA;NA;NA;NA;NA;NA;NA;NA;NA
276;American Samoa;c09;Particle board;NA;NA;NA;NA;NA;NA;NA;NA;NA
277;Antigua and Barbuda;c09;Particle board;NA;NA;NA;NA;NA;NA;NA;NA;NA
5;American Samoa;c09;Particle board;NA;NA;NA;NA;NA;NA;NA;NA;NA
8;Antigua and Barbuda;c09;Particle board;NA;NA;NA;NA;NA;NA;NA;NA;NA
17;Bermuda;c09;Particle board;NA;NA;NA;NA;NA;NA;NA;NA;NA
24;British Indian Ocean Territory;c09;Particle board;NA;NA;NA;NA;NA;NA;NA;NA;NA
36;Cayman Islands;c09;Particle board;NA;NA;NA;NA;NA;NA;NA;NA;NA
43;Cocos (Keeling) Islands;c09;Particle board;NA;NA;NA;NA;NA;NA;NA;NA;NA
71;French Southern and Antarctic Territories;c09;Particle board;NA;NA;NA;NA;NA;NA;NA;NA;NA
85;Greenland;c09;Particle board;NA;NA;NA;NA;NA;NA;NA;NA;NA
86;Grenada;c09;Particle board;NA;NA;NA;NA;NA;NA;NA;NA;NA
88;Guam;c09;Particle board;NA;NA;NA;NA;NA;NA;NA;NA;NA
94;Holy See;c09;Particle board;NA;NA;NA;NA;NA;NA;NA;NA;NA
127;Marshall Islands;c09;Particle board;NA;NA;NA;NA;NA;NA;NA;NA;NA
142;Montserrat;c09;Particle board;NA;NA;NA;NA;NA;NA;NA;NA;NA
148;Nauru;c09;Particle board;NA;NA;NA;NA;NA;NA;NA;NA;NA
163;Northern Mariana Islands;c09;Particle board;NA;NA;NA;NA;NA;NA;NA;NA;NA
164;Pacific Islands Trust Territory;c09;Particle board;NA;NA;NA;NA;NA;NA;NA;NA;NA
172;Pitcairn Islands;c09;Particle board;NA;NA;NA;NA;NA;NA;NA;NA;NA
180;Palau;c09;Particle board;NA;NA;NA;NA;NA;NA;NA;NA;NA
187;Saint Helena, Ascension and Tristan da Cunha;c09;Particle board;NA;NA;NA;NA;NA;NA;NA;NA;NA
188;Saint Kitts and Nevis;c09;Particle board;NA;NA;NA;NA;NA;NA;NA;NA;NA
192;San Marino;c09;Particle board;NA;NA;NA;NA;NA;NA;NA;NA;NA
205;Western Sahara;c09;Particle board;NA;NA;NA;NA;NA;NA;NA;NA;NA
218;Tokelau;c09;Particle board;NA;NA;NA;NA;NA;NA;NA;NA;NA
227;Tuvalu;c09;Particle board;NA;NA;NA;NA;NA;NA;NA;NA;NA
228;USSR;c09;Particle board;NA;NA;NA;NA;NA;NA;NA;NA;NA
242;Wake Island;c09;Particle board;NA;NA;NA;NA;NA;NA;NA;NA;NA
243;Wallis and Futuna Islands;c09;Particle board;NA;NA;NA;NA;NA;NA;NA;NA;NA
248;Yugoslav SFR;c09;Particle board;NA;NA;NA;NA;NA;NA;NA;NA;NA
258;Anguilla;c09;Particle board;NA;NA;NA;NA;NA;NA;NA;NA;NA
279;Curaçao;c09;Particle board;NA;NA;NA;NA;NA;NA;NA;NA;NA
281;Saint-Martin (French Part);c09;Particle board;NA;NA;NA;NA;NA;NA;NA;NA;NA
299;Palestine;c09;Particle board;NA;NA;NA;NA;NA;NA;NA;NA;NA
252;Unspecified Area;c09;Particle board;NA;NA;NA;NA;NA;NA;NA;NA;NA
254;Others (adjustment);c09;Particle board;NA;NA;NA;NA;NA;NA;NA;NA;NA
999;RoW;c09;Particle board;NA;NA;NA;NA;NA;NA;NA;NA;NA
;ASI;c09;Particle board;NA;NA;9;2;8;82;NA;FAO, ITTO and United Nations (2020);NA
;EUR;c09;Particle board;NA;NA;8;4;7;83;38;FAO, ITTO and United Nations (2020);FAO, ITTO and United Nations (2020)
;AFR;c09;Particle board;NA;NA;NA;NA;NA;NA;NA;NA;NA
;LAM;c09;Particle board;NA;NA;9;7;8;81;NA;FAO, ITTO and United Nations (2020);NA
;OCE;c09;Particle board;NA;NA;NA;NA;NA;NA;NA;NA;NA
;NAM;c09;Particle board;NA;NA;9;1;7;84;NA;FAO, ITTO and United Nations (2020);NA
1;Armenia;c10;OSB;NA;NA;NA;NA;NA;NA;0;NA;NA
2;Afghanistan;c10;OSB;NA;NA;NA;NA;NA;NA;0;NA;NA
3;Albania;c10;OSB;NA;NA;NA;NA;NA;NA;0;NA;NA
4;Algeria;c10;OSB;NA;NA;NA;NA;NA;NA;0;NA;NA
6;Andorra;c10;OSB;NA;NA;NA;NA;NA;NA;0;NA;NA
7;Angola;c10;OSB;NA;NA;NA;NA;NA;NA;0;NA;NA
9;Argentina;c10;OSB;NA;NA;NA;NA;NA;NA;0;NA;NA
10;Australia;c10;OSB;NA;NA;NA;NA;NA;NA;0;NA;NA
11;Austria;c10;OSB;NA;NA;NA;NA;NA;NA;0;NA;NA
12;Bahamas;c10;OSB;NA;NA;NA;NA;NA;NA;0;NA;NA
13;Bahrain;c10;OSB;NA;NA;NA;NA;NA;NA;0;NA;NA
14;Barbados;c10;OSB;NA;NA;NA;NA;NA;NA;0;NA;NA
15;Belgium-Luxembourg;c10;OSB;NA;NA;NA;NA;NA;NA;0;NA;NA
16;Bangladesh;c10;OSB;NA;NA;NA;NA;NA;NA;0;NA;NA
18;Bhutan;c10;OSB;NA;NA;NA;NA;NA;NA;0;NA;NA
19;Bolivia (Plurinational State of);c10;OSB;NA;NA;NA;NA;NA;NA;0;NA;NA
20;Botswana;c10;OSB;NA;NA;NA;NA;NA;NA;0;NA;NA
21;Brazil;c10;OSB;NA;NA;NA;NA;NA;NA;0;NA;NA
22;Aruba;c10;OSB;NA;NA;NA;NA;NA;NA;0;NA;NA
23;Belize;c10;OSB;NA;NA;NA;NA;NA;NA;0;NA;NA
25;Solomon Islands;c10;OSB;NA;NA;NA;NA;NA;NA;0;NA;NA
26;Brunei Darussalam;c10;OSB;NA;NA;NA;NA;NA;NA;0;NA;NA
27;Bulgaria;c10;OSB;NA;NA;NA;NA;NA;NA;0;NA;NA
28;Myanmar;c10;OSB;NA;NA;NA;NA;NA;NA;0;NA;NA
29;Burundi;c10;OSB;NA;NA;NA;NA;NA;NA;0;NA;NA
32;Cameroon;c10;OSB;NA;NA;NA;NA;NA;NA;0;NA;NA
33;Canada;c10;OSB;NA;NA;NA;NA;NA;NA;0;NA;NA
35;Cabo Verde;c10;OSB;NA;NA;NA;NA;NA;NA;0;NA;NA
37;Central African Republic;c10;OSB;NA;NA;NA;NA;NA;NA;0;NA;NA
38;Sri Lanka;c10;OSB;NA;NA;NA;NA;NA;NA;0;NA;NA
39;Chad;c10;OSB;NA;NA;NA;NA;NA;NA;0;NA;NA
40;Chile;c10;OSB;NA;NA;NA;NA;NA;NA;0;NA;NA
41;China, mainland;c10;OSB;NA;NA;3;1;6;90;0;FAO, ITTO and United Nations (2020);NA
42;Christmas Island;c10;OSB;NA;NA;NA;NA;NA;NA;0;NA;NA
44;Colombia;c10;OSB;NA;NA;NA;NA;NA;NA;0;NA;NA
45;Comoros;c10;OSB;NA;NA;NA;NA;NA;NA;0;NA;NA
46;Congo;c10;OSB;NA;NA;NA;NA;NA;NA;0;NA;NA
47;Cook Islands;c10;OSB;NA;NA;NA;NA;NA;NA;0;NA;NA
48;Costa Rica;c10;OSB;NA;NA;NA;NA;NA;NA;0;NA;NA
49;Cuba;c10;OSB;NA;NA;NA;NA;NA;NA;0;NA;NA
50;Cyprus;c10;OSB;NA;NA;NA;NA;NA;NA;0;NA;NA
51;Czechoslovakia;c10;OSB;NA;NA;NA;NA;NA;NA;0;NA;NA
52;Azerbaijan;c10;OSB;NA;NA;NA;NA;NA;NA;0;NA;NA
53;Benin;c10;OSB;NA;NA;NA;NA;NA;NA;0;NA;NA
54;Denmark;c10;OSB;NA;NA;NA;NA;NA;NA;0;NA;NA
55;Dominica;c10;OSB;NA;NA;NA;NA;NA;NA;0;NA;NA
56;Dominican Republic;c10;OSB;NA;NA;NA;NA;NA;NA;0;NA;NA
57;Belarus;c10;OSB;NA;NA;NA;NA;NA;NA;0;NA;NA
58;Ecuador;c10;OSB;NA;NA;NA;NA;NA;NA;0;NA;NA
59;Egypt;c10;OSB;NA;NA;NA;NA;NA;NA;0;NA;NA
60;El Salvador;c10;OSB;NA;NA;NA;NA;NA;NA;0;NA;NA
61;Equatorial Guinea;c10;OSB;NA;NA;NA;NA;NA;NA;0;NA;NA
63;Faroe Islands;c10;OSB;NA;NA;NA;NA;NA;NA;0;NA;NA
64;Falkland Islands (Malvinas);c10;OSB;NA;NA;NA;NA;NA;NA;0;NA;NA
65;Fiji;c10;OSB;NA;NA;NA;NA;NA;NA;0;NA;NA
66;Finland;c10;OSB;NA;NA;NA;NA;NA;NA;0;NA;NA
67;France;c10;OSB;NA;NA;5;0;7;88;0;FAO, ITTO and United Nations (2020);NA
68;French Guyana;c10;OSB;NA;NA;NA;NA;NA;NA;0;NA;NA
69;French Polynesia;c10;OSB;NA;NA;NA;NA;NA;NA;0;NA;NA
70;Djibouti;c10;OSB;NA;NA;NA;NA;NA;NA;0;NA;NA
72;Georgia;c10;OSB;NA;NA;NA;NA;NA;NA;0;NA;NA
73;Gabon;c10;OSB;NA;NA;NA;NA;NA;NA;0;NA;NA
74;Gambia;c10;OSB;NA;NA;NA;NA;NA;NA;0;NA;NA
75;Germany;c10;OSB;NA;NA;NA;NA;NA;NA;0;NA;NA
79;Bosnia and Herzegovina;c10;OSB;NA;NA;NA;NA;NA;NA;0;NA;NA
80;Ghana;c10;OSB;NA;NA;NA;NA;NA;NA;0;NA;NA
81;Gibraltar;c10;OSB;NA;NA;NA;NA;NA;NA;0;NA;NA
82;Kiribati;c10;OSB;NA;NA;NA;NA;NA;NA;0;NA;NA
83;Greece;c10;OSB;NA;NA;NA;NA;NA;NA;0;NA;NA
84;Guadeloupe;c10;OSB;NA;NA;NA;NA;NA;NA;0;NA;NA
87;Guatemala;c10;OSB;NA;NA;NA;NA;NA;NA;0;NA;NA
89;Guinea;c10;OSB;NA;NA;NA;NA;NA;NA;0;NA;NA
90;Guyana;c10;OSB;NA;NA;NA;NA;NA;NA;0;NA;NA
91;Haiti;c10;OSB;NA;NA;NA;NA;NA;NA;0;NA;NA
93;Honduras;c10;OSB;NA;NA;NA;NA;NA;NA;0;NA;NA
95;China, Hong Kong SAR;c10;OSB;NA;NA;NA;NA;NA;NA;0;NA;NA
96;Hungary;c10;OSB;NA;NA;NA;NA;NA;NA;0;NA;NA
97;Croatia;c10;OSB;NA;NA;NA;NA;NA;NA;0;NA;NA
98;Iceland;c10;OSB;NA;NA;NA;NA;NA;NA;0;NA;NA
99;India;c10;OSB;NA;NA;NA;NA;NA;NA;0;NA;NA
100;Indonesia;c10;OSB;NA;NA;3;0;7;90;0;FAO, ITTO and United Nations (2020);NA
101;Iran (Islamic Republic of);c10;OSB;NA;NA;NA;NA;NA;NA;0;NA;NA
102;Iraq;c10;OSB;NA;NA;NA;NA;NA;NA;0;NA;NA
103;Ireland;c10;OSB;NA;NA;4;0;6;90;0;FAO, ITTO and United Nations (2020);NA
104;Israel;c10;OSB;NA;NA;NA;NA;NA;NA;0;NA;NA
105;Italy;c10;OSB;NA;NA;NA;NA;NA;NA;0;NA;NA
106;Cote d'Ivoire;c10;OSB;NA;NA;NA;NA;NA;NA;0;NA;NA
107;Kazakhstan;c10;OSB;NA;NA;NA;NA;NA;NA;0;NA;NA
108;Jamaica;c10;OSB;NA;NA;NA;NA;NA;NA;0;NA;NA
109;Japan;c10;OSB;NA;NA;NA;NA;NA;NA;0;NA;NA
110;Jordan;c10;OSB;NA;NA;NA;NA;NA;NA;0;NA;NA
112;Kyrgyzstan;c10;OSB;NA;NA;NA;NA;NA;NA;0;NA;NA
113;Kenya;c10;OSB;NA;NA;NA;NA;NA;NA;0;NA;NA
114;Cambodia;c10;OSB;NA;NA;NA;NA;NA;NA;0;NA;NA
115;Democratic People's Republic of Korea;c10;OSB;NA;NA;NA;NA;NA;NA;0;NA;NA
116;Republic of Korea;c10;OSB;NA;NA;NA;NA;NA;NA;0;NA;NA
117;Kuwait;c10;OSB;NA;NA;NA;NA;NA;NA;0;NA;NA
118;Latvia;c10;OSB;NA;NA;NA;NA;NA;NA;0;NA;NA
119;Lao People's Democratic Republic;c10;OSB;NA;NA;NA;NA;NA;NA;0;NA;NA
120;Lebanon;c10;OSB;NA;NA;NA;NA;NA;NA;0;NA;NA
121;Lesotho;c10;OSB;NA;NA;NA;NA;NA;NA;0;NA;NA
122;Liberia;c10;OSB;NA;NA;NA;NA;NA;NA;0;NA;NA
123;Libya;c10;OSB;NA;NA;NA;NA;NA;NA;0;NA;NA
124;Liechtenstein;c10;OSB;NA;NA;NA;NA;NA;NA;0;NA;NA
125;Lithuania;c10;OSB;NA;NA;NA;NA;NA;NA;0;NA;NA
126;China, Macao SAR;c10;OSB;NA;NA;NA;NA;NA;NA;0;NA;NA
128;Madagascar;c10;OSB;NA;NA;NA;NA;NA;NA;0;NA;NA
129;Malawi;c10;OSB;NA;NA;NA;NA;NA;NA;0;NA;NA
130;Malaysia;c10;OSB;NA;NA;4;NA;7;90;0;FAO, ITTO and United Nations (2020);NA
131;Maldives;c10;OSB;NA;NA;NA;NA;NA;NA;0;NA;NA
132;Mali;c10;OSB;NA;NA;NA;NA;NA;NA;0;NA;NA
133;Malta;c10;OSB;NA;NA;NA;NA;NA;NA;0;NA;NA
134;Martinique;c10;OSB;NA;NA;NA;NA;NA;NA;0;NA;NA
135;Mauritania;c10;OSB;NA;NA;NA;NA;NA;NA;0;NA;NA
136;Mauritius;c10;OSB;NA;NA;NA;NA;NA;NA;0;NA;NA
137;Mexico;c10;OSB;NA;NA;NA;NA;NA;NA;0;NA;NA
138;Mongolia;c10;OSB;NA;NA;NA;NA;NA;NA;0;NA;NA
141;Morocco;c10;OSB;NA;NA;NA;NA;NA;NA;0;NA;NA
143;Mozambique;c10;OSB;NA;NA;NA;NA;NA;NA;0;NA;NA
144;Micronesia (Federated States of);c10;OSB;NA;NA;NA;NA;NA;NA;0;NA;NA
145;Republic of Moldova;c10;OSB;NA;NA;NA;NA;NA;NA;0;NA;NA
146;Namibia;c10;OSB;NA;NA;NA;NA;NA;NA;0;NA;NA
147;Nepal;c10;OSB;NA;NA;NA;NA;NA;NA;0;NA;NA
149;Netherlands;c10;OSB;NA;NA;NA;NA;NA;NA;0;NA;NA
150;Netherlands Antilles;c10;OSB;NA;NA;NA;NA;NA;NA;0;NA;NA
151;New Caledonia;c10;OSB;NA;NA;NA;NA;NA;NA;0;NA;NA
153;North Macedonia;c10;OSB;NA;NA;NA;NA;NA;NA;0;NA;NA
154;Vanuatu;c10;OSB;NA;NA;NA;NA;NA;NA;0;NA;NA
155;New Zealand;c10;OSB;NA;NA;NA;NA;NA;NA;0;NA;NA
156;Nicaragua;c10;OSB;NA;NA;NA;NA;NA;NA;0;NA;NA
157;Niger;c10;OSB;NA;NA;NA;NA;NA;NA;0;NA;NA
158;Nigeria;c10;OSB;NA;NA;NA;NA;NA;NA;0;NA;NA
159;Niue;c10;OSB;NA;NA;NA;NA;NA;NA;0;NA;NA
160;Norfolk Island;c10;OSB;NA;NA;NA;NA;NA;NA;0;NA;NA
161;Norway;c10;OSB;NA;NA;NA;NA;NA;NA;0;NA;NA
162;Pakistan;c10;OSB;NA;NA;NA;NA;NA;NA;0;NA;NA
165;Panama;c10;OSB;NA;NA;NA;NA;NA;NA;0;NA;NA
166;Czechia;c10;OSB;NA;NA;NA;NA;NA;NA;0;NA;NA
167;Papua New Guinea;c10;OSB;NA;NA;NA;NA;NA;NA;0;NA;NA
168;Paraguay;c10;OSB;NA;NA;NA;NA;NA;NA;0;NA;NA
169;Peru;c10;OSB;NA;NA;NA;NA;NA;NA;0;NA;NA
170;Philippines;c10;OSB;NA;NA;NA;NA;NA;NA;0;NA;NA
171;Poland;c10;OSB;NA;NA;3;10;7;80;0;FAO, ITTO and United Nations (2020);NA
173;Portugal;c10;OSB;NA;NA;NA;NA;NA;NA;0;NA;NA
174;Guinea-Bissau;c10;OSB;NA;NA;NA;NA;NA;NA;0;NA;NA
175;Timor-Leste;c10;OSB;NA;NA;NA;NA;NA;NA;0;NA;NA
176;Eritrea;c10;OSB;NA;NA;NA;NA;NA;NA;0;NA;NA
178;Qatar;c10;OSB;NA;NA;NA;NA;NA;NA;0;NA;NA
179;Zimbabwe;c10;OSB;NA;NA;NA;NA;NA;NA;0;NA;NA
181;Reunion;c10;OSB;NA;NA;NA;NA;NA;NA;0;NA;NA
182;Romania;c10;OSB;NA;NA;NA;NA;NA;NA;0;NA;NA
183;Rwanda;c10;OSB;NA;NA;NA;NA;NA;NA;0;NA;NA
184;Russian Federation;c10;OSB;NA;NA;NA;NA;NA;NA;0;NA;NA
185;Serbia and Montenegro;c10;OSB;NA;NA;NA;NA;NA;NA;0;NA;NA
186;Saint Lucia;c10;OSB;NA;NA;NA;NA;NA;NA;0;NA;NA
189;Saint Pierre and Miquelon;c10;OSB;NA;NA;NA;NA;NA;NA;0;NA;NA
190;Saint Vincent and the Grenadines;c10;OSB;NA;NA;NA;NA;NA;NA;0;NA;NA
191;Sao Tome and Principe;c10;OSB;NA;NA;NA;NA;NA;NA;0;NA;NA
193;Saudi Arabia;c10;OSB;NA;NA;NA;NA;NA;NA;0;NA;NA
194;Senegal;c10;OSB;NA;NA;NA;NA;NA;NA;0;NA;NA
195;Seychelles;c10;OSB;NA;NA;NA;NA;NA;NA;0;NA;NA
196;Sierra Leone;c10;OSB;NA;NA;NA;NA;NA;NA;0;NA;NA
197;Slovenia;c10;OSB;NA;NA;NA;NA;NA;NA;0;NA;NA
198;Slovakia;c10;OSB;NA;NA;NA;NA;NA;NA;0;NA;NA
199;Singapore;c10;OSB;NA;NA;NA;NA;NA;NA;0;NA;NA
200;Somalia;c10;OSB;NA;NA;NA;NA;NA;NA;0;NA;NA
201;South Africa;c10;OSB;NA;NA;NA;NA;NA;NA;0;NA;NA
202;Spain;c10;OSB;NA;NA;NA;NA;NA;NA;0;NA;NA
203;Tajikistan;c10;OSB;NA;NA;NA;NA;NA;NA;0;NA;NA
207;Eswatini;c10;OSB;NA;NA;NA;NA;NA;NA;0;NA;NA
208;Sweden;c10;OSB;NA;NA;NA;NA;NA;NA;0;NA;NA
209;Switzerland;c10;OSB;NA;NA;NA;NA;NA;NA;0;NA;NA
210;Syrian Arab Republic;c10;OSB;NA;NA;NA;NA;NA;NA;0;NA;NA
211;Turkmenistan;c10;OSB;NA;NA;NA;NA;NA;NA;0;NA;NA
212;China, Taiwan Province of;c10;OSB;NA;NA;NA;NA;NA;NA;0;NA;NA
213;United Republic of Tanzania;c10;OSB;NA;NA;NA;NA;NA;NA;0;NA;NA
214;Thailand;c10;OSB;NA;NA;NA;NA;NA;NA;0;NA;NA
215;Togo;c10;OSB;NA;NA;NA;NA;NA;NA;0;NA;NA
216;Tonga;c10;OSB;NA;NA;NA;NA;NA;NA;0;NA;NA
217;Trinidad and Tobago;c10;OSB;NA;NA;NA;NA;NA;NA;0;NA;NA
219;Oman;c10;OSB;NA;NA;NA;NA;NA;NA;0;NA;NA
220;Tunisia;c10;OSB;NA;NA;NA;NA;NA;NA;0;NA;NA
221;Turkey;c10;OSB;NA;NA;NA;NA;NA;NA;0;NA;NA
222;Turks and Caicos Islands;c10;OSB;NA;NA;NA;NA;NA;NA;0;NA;NA
223;United Arab Emirates;c10;OSB;NA;NA;NA;NA;NA;NA;0;NA;NA
224;Uganda;c10;OSB;NA;NA;NA;NA;NA;NA;0;NA;NA
225;United Kingdom;c10;OSB;NA;NA;NA;NA;NA;NA;0;NA;NA
226;Ukraine;c10;OSB;NA;NA;NA;NA;NA;NA;0;NA;NA
229;United States of America;c10;OSB;NA;NA;3;1;7;90;0;FAO, ITTO and United Nations (2020);NA
230;Burkina Faso;c10;OSB;NA;NA;NA;NA;NA;NA;0;NA;NA
231;Uruguay;c10;OSB;NA;NA;NA;NA;NA;NA;0;NA;NA
233;Uzbekistan;c10;OSB;NA;NA;NA;NA;NA;NA;0;NA;NA
234;Venezuela (Bolivarian Republic of);c10;OSB;NA;NA;NA;NA;NA;NA;0;NA;NA
235;Viet Nam;c10;OSB;NA;NA;NA;NA;NA;NA;0;NA;NA
236;Ethiopia;c10;OSB;NA;NA;NA;NA;NA;NA;0;NA;NA
237;British Virgin Islands;c10;OSB;NA;NA;NA;NA;NA;NA;0;NA;NA
238;Samoa;c10;OSB;NA;NA;NA;NA;NA;NA;0;NA;NA
239;Yemen;c10;OSB;NA;NA;NA;NA;NA;NA;0;NA;NA
244;Democratic Republic of the Congo;c10;OSB;NA;NA;NA;NA;NA;NA;0;NA;NA
249;Zambia;c10;OSB;NA;NA;NA;NA;NA;NA;0;NA;NA
250;Belgium;c10;OSB;NA;NA;NA;NA;NA;NA;0;NA;NA
251;Luxembourg;c10;OSB;NA;NA;NA;NA;NA;NA;0;NA;NA
255;Mayotte;c10;OSB;NA;NA;NA;NA;NA;NA;0;NA;NA
256;Serbia;c10;OSB;NA;NA;NA;NA;NA;NA;0;NA;NA
270;Montenegro;c10;OSB;NA;NA;NA;NA;NA;NA;0;NA;NA
272;Sudan;c10;OSB;NA;NA;NA;NA;NA;NA;0;NA;NA
273;South Sudan;c10;OSB;NA;NA;NA;NA;NA;NA;0;NA;NA
276;American Samoa;c10;OSB;NA;NA;NA;NA;NA;NA;0;NA;NA
277;Antigua and Barbuda;c10;OSB;NA;NA;NA;NA;NA;NA;0;NA;NA
5;American Samoa;c10;OSB;NA;NA;NA;NA;NA;NA;0;NA;NA
8;Antigua and Barbuda;c10;OSB;NA;NA;NA;NA;NA;NA;0;NA;NA
17;Bermuda;c10;OSB;NA;NA;NA;NA;NA;NA;0;NA;NA
24;British Indian Ocean Territory;c10;OSB;NA;NA;NA;NA;NA;NA;0;NA;NA
36;Cayman Islands;c10;OSB;NA;NA;NA;NA;NA;NA;0;NA;NA
43;Cocos (Keeling) Islands;c10;OSB;NA;NA;NA;NA;NA;NA;0;NA;NA
71;French Southern and Antarctic Territories;c10;OSB;NA;NA;NA;NA;NA;NA;0;NA;NA
85;Greenland;c10;OSB;NA;NA;NA;NA;NA;NA;0;NA;NA
86;Grenada;c10;OSB;NA;NA;NA;NA;NA;NA;0;NA;NA
88;Guam;c10;OSB;NA;NA;NA;NA;NA;NA;0;NA;NA
94;Holy See;c10;OSB;NA;NA;NA;NA;NA;NA;0;NA;NA
127;Marshall Islands;c10;OSB;NA;NA;NA;NA;NA;NA;0;NA;NA
142;Montserrat;c10;OSB;NA;NA;NA;NA;NA;NA;0;NA;NA
148;Nauru;c10;OSB;NA;NA;NA;NA;NA;NA;0;NA;NA
163;Northern Mariana Islands;c10;OSB;NA;NA;NA;NA;NA;NA;0;NA;NA
164;Pacific Islands Trust Territory;c10;OSB;NA;NA;NA;NA;NA;NA;0;NA;NA
172;Pitcairn Islands;c10;OSB;NA;NA;NA;NA;NA;NA;0;NA;NA
180;Palau;c10;OSB;NA;NA;NA;NA;NA;NA;0;NA;NA
187;Saint Helena, Ascension and Tristan da Cunha;c10;OSB;NA;NA;NA;NA;NA;NA;0;NA;NA
188;Saint Kitts and Nevis;c10;OSB;NA;NA;NA;NA;NA;NA;0;NA;NA
192;San Marino;c10;OSB;NA;NA;NA;NA;NA;NA;0;NA;NA
205;Western Sahara;c10;OSB;NA;NA;NA;NA;NA;NA;0;NA;NA
218;Tokelau;c10;OSB;NA;NA;NA;NA;NA;NA;0;NA;NA
227;Tuvalu;c10;OSB;NA;NA;NA;NA;NA;NA;0;NA;NA
228;USSR;c10;OSB;NA;NA;NA;NA;NA;NA;0;NA;NA
242;Wake Island;c10;OSB;NA;NA;NA;NA;NA;NA;0;NA;NA
243;Wallis and Futuna Islands;c10;OSB;NA;NA;NA;NA;NA;NA;0;NA;NA
248;Yugoslav SFR;c10;OSB;NA;NA;NA;NA;NA;NA;0;NA;NA
258;Anguilla;c10;OSB;NA;NA;NA;NA;NA;NA;0;NA;NA
279;Curaçao;c10;OSB;NA;NA;NA;NA;NA;NA;0;NA;NA
281;Saint-Martin (French Part);c10;OSB;NA;NA;NA;NA;NA;NA;0;NA;NA
299;Palestine;c10;OSB;NA;NA;NA;NA;NA;NA;0;NA;NA
252;Unspecified Area;c10;OSB;NA;NA;NA;NA;NA;NA;0;NA;NA
254;Others (adjustment);c10;OSB;NA;NA;NA;NA;NA;NA;0;NA;NA
999;RoW;c10;OSB;NA;NA;NA;NA;NA;NA;0;NA;NA
;ASI;c10;OSB;NA;NA;3;1;7;90;0;FAO, ITTO and United Nations (2020);NA
;EUR;c10;OSB;NA;NA;4;3;7;86;0;FAO, ITTO and United Nations (2020);NA
;AFR;c10;OSB;NA;NA;NA;NA;NA;NA;0;NA;NA
;LAM;c10;OSB;NA;NA;NA;NA;NA;NA;0;NA;NA
;OCE;c10;OSB;NA;NA;NA;NA;NA;NA;0;NA;NA
;NAM;c10;OSB;NA;NA;3;1;7;90;0;FAO, ITTO and United Nations (2020);NA
